1,ICWD22-A
1,ITL327-AP
1,ITL337-AP
1,ITL342-AP
1,ITL309-A
1,ICWD22-A
1,ITL327-AP
1,ITL337-AP
1,ITL342-AP
1,ITL309-A
1,ICWD22-A
1,ITL327-AP
1,ITL337-AP
1,ITL342-AP
1,ITL309-A
2,ICWD24-A
2,ITL303-AP
2,ITL358-AP
2,ITL279-BP
2,ITL293-BP
2,ICWD24-A
2,ITL303-AP
2,ITL358-AP
2,ITL279-BP
2,ITL293-BP
2,ICWD24-A
2,ITL303-AP
2,ITL358-AP
2,ITL279-BP
2,ITL293-BP
3,ICWD23-A
3,ITL314-AP
3,ITL148-AP
3,ITL330-BP
3,ITL298-AP
3,ICWD23-A
3,ITL314-AP
3,ITL148-AP
3,ITL330-BP
3,ITL298-AP
3,ICWD23-A
3,ITL314-AP
3,ITL148-AP
3,ITL330-BP
3,ITL298-AP
4,ICWD25-A
4,ITL370-A
4,ITL383-AP
4,ITL295-A
4,ITL279-A
4,ITL306-AP
4,ICWD25-A
4,ITL370-A
4,ITL383-AP
4,ITL295-A
4,ITL279-A
4,ITL306-AP
4,ICWD25-A
4,ITL370-A
4,ITL383-AP
4,ITL295-A
4,ITL279-A
4,ITL306-AP
5,ICWD26-A
5,ITL357-A
5,ITL359-B
5,ITL426-AP
5,ITL366-B
5,ITL382-A
5,ICWD26-A
5,ITL357-A
5,ITL359-B
5,ITL426-AP
5,ITL366-B
5,ITL382-A
5,ICWD26-A
5,ITL357-A
5,ITL359-B
5,ITL426-AP
5,ITL366-B
5,ITL382-A
6,ICWD28-A
6,ITL266-BP
6,ITL384-C
6,ITL417-B
6,ITL234-AP
6,ITL432-A
6,ICWD28-A
6,ITL266-BP
6,ITL384-C
6,ITL417-B
6,ITL234-AP
6,ITL432-A
6,ICWD28-A
6,ITL266-BP
6,ITL384-C
6,ITL417-B
6,ITL234-AP
6,""
7,ICWD27-A
7,ITL101-AP
7,ITL385-A
7,ITL302-AP
7,ITL386-A
7,ITL285-A
7,ICWD27-A
7,ITL101-AP
7,ITL385-A
7,ITL302-AP
7,ITL386-A
7,ITL285-A
7,ICWD27-A
7,ITL101-AP
7,ITL385-A
7,ITL302-AP
7,ITL386-A
7,ITL285-A
8,ICWD10-A
8,ITL195-AP
8,ITL174-AP
8,"WOS649-01(-02,-03,-04,-05,-06)"
8,"WUSGD1-01(-02,-05,-06)"
8,ICWD10-A
8,ITL195-AP
8,ITL174-AP
8,"WOS649-01(-02,-03,-04,-05,-06)"
8,"WUSGD1-01(-02,-05,-06)"
8,ICWD10-A
8,ITL195-AP
8,ITL174-AP
8,"WOS649-01(-02,-03,-04,-05,-06)"
8,"WUSGD1-01(-02,-05,-06)"
9,ICWD18-A
9,ITL230-AP
9,ITL269-BP
9,ITL247-BP
9,ITL236-BP
9,ICWD18-A
9,ITL230-AP
9,ITL269-BP
9,ITL247-BP
9,ITL236-BP
9,ICWD18-A
9,ITL230-AP
9,ITL269-BP
9,ITL247-BP
9,ITL236-BP
10,ICWD30-A
10,ITL393-A
10,ITL395-A
10,ITL398-C
10,ITL344-AP
10,ITL394-A
10,ITL280-A
10,ICWD30-A
10,ITL393-A
10,ITL395-A
10,ITL398-C
10,ITL344-AP
10,ITL394-A
10,ITL280-A
10,ICWD30-A
10,ITL393-A
10,ITL395-A
10,ITL398-C
10,ITL344-AP
10,ITL394-A
10,ITL280-A
11,ICWD21-A
11,ITL259-AP
11,ITL262-AP
11,ITL281-BP
11,ITL274-AP
11,ICWD21-A
11,ITL259-AP
11,ITL262-AP
11,ITL281-BP
11,ITL274-AP
11,ICWD21-A
11,ITL259-AP
11,ITL262-AP
11,ITL281-BP
11,ITL274-AP
12,ICWD31-A
12,ITL391-A
12,ITL456-A
12,ITL406-A
12,ITL389-A
12,ITL408-A
12,ITL405-A
12,ITL371-A
12,ICWD31-A
12,ITL391-A
12,ITL456-A
12,ITL406-A
12,ITL389-A
12,ITL408-A
12,ITL405-A
12,ITL371-A
12,ICWD31-A
12,ITL391-A
12,ITL456-A
12,ITL406-A
12,ITL389-A
12,ITL408-A
12,ITL405-A
12,ITL371-A
13,ICWD32-A
13,ITL380-AP
13,ITL452-A
13,ITL454-B
13,ITL402-B
13,ITL466-B
13,ITL387-B
13,ICWD32-A
13,ITL380-AP
13,ITL452-A
13,ITL454-B
13,ITL402-B
13,ITL466-B
13,ITL387-B
13,ICWD32-A
13,ITL380-AP
13,ITL452-A
13,ITL454-B
13,ITL402-B
13,ITL466-B
13,ITL387-B
14,ICWD33-A
14,ITL397-A
14,ITL380-B
14,ITL392-B
14,ITL479-A
14,ITL426-C
14,ITL375-A
14,ITL465-A
14,ICWD33-A
14,ITL397-A
14,ITL380-B
14,ITL392-B
14,ITL479-A
14,ITL426-C
14,ITL375-A
14,ITL465-A
14,ICWD33-A
14,ITL397-A
14,ITL380-B
14,ITL392-B
14,ITL479-A
14,ITL426-C
14,ITL375-A
14,ITL465-A
15,ICWD9-A
15,ITL188-BP
15,ITL199-B
15,WOS857-01
15,ITL193-AP
15,YM132
15,ICWD9-A
15,ITL188-BP
15,ITL199-B
15,WOS857-01
15,ITL193-AP
15,YM132
15,ICWD9-A
15,ITL188-BP
15,ITL199-B
15,WOS857-01
15,ITL193-AP
15,YM132
16,ICWD20-A
16,ITL273-A
16,ITL295-BP
16,ITL290-AP
16,ITL309-BP
16,ICWD20-A
16,ITL273-A
16,ITL295-BP
16,ITL290-AP
16,ITL309-BP
16,ICWD20-A
16,ITL273-A
16,ITL295-BP
16,ITL290-AP
16,ITL309-BP
17,ICWD40-A
17,ITL535-B
17,ITL537-B
17,ITL501-C
17,ITL467-C
17,ITL462-C
17,ITL553-AP
17,ICWD40-A
17,ITL535-B
17,ITL537-B
17,ITL501-C
17,ITL467-C
17,ITL462-C
17,ITL553-AP
17,ICWD40-A
17,ITL535-B
17,ITL537-B
17,ITL501-C
17,ITL467-C
17,ITL462-C
17,ITL553-AP
18,ICWD41-A
18,ITL584-AP
18,ITL600-A
18,ITL428-A
18,ITL598-AP
18,ITL601-A
18,ICWD41-A
18,ITL584-AP
18,ITL600-A
18,ITL428-A
18,ITL598-AP
18,ITL601-A
18,ICWD41-A
18,ITL584-AP
18,ITL600-A
18,ITL428-A
18,ITL598-AP
18,ITL601-A
19,ICWD35-A
19,ITL460-D
19,ITL495-C
19,ITL477-B
19,ITL493-B
19,ITL476-A
19,ITL491-A
19,ITL504-B
19,ICWD35-A
19,ITL460-D
19,ITL495-C
19,ITL477-B
19,ITL493-B
19,ITL476-A
19,ITL491-A
19,ITL504-B
19,ICWD35-A
19,ITL460-D
19,ITL495-C
19,ITL477-B
19,ITL493-B
19,ITL476-A
19,ITL491-A
19,ITL504-B
20,ICWD42-A
20,ITL604-A
20,ITL583-A
20,ITL586-B
20,ITL605-A
20,ITL584-B
20,ITL615-AP
20,ICWD42-A
20,ITL604-A
20,ITL583-A
20,ITL586-B
20,ITL605-A
20,ITL584-B
20,ITL615-AP
20,ICWD42-A
20,ITL604-A
20,ITL583-A
20,ITL586-B
20,ITL605-A
20,ITL584-B
20,ITL615-AP
21,ICWD38-A
21,ITL562-A
21,ITL560-B
21,ITL565-A
21,ITL551-A
21,ITL519-A
21,ITL568-B
21,ITL523-B
21,ICWD38-A
21,ITL562-A
21,ITL560-B
21,ITL565-A
21,ITL551-A
21,ITL519-A
21,ITL568-B
21,ITL523-B
21,ICWD38-A
21,ITL562-A
21,ITL560-B
21,ITL565-A
21,ITL551-A
21,ITL519-A
21,ITL568-B
21,ITL523-B
22,ICWD43-A
22,ITL586-AP
22,ITL596-B
22,ITL600-B
22,ITL623-B
22,ITL628-C
22,ITL616-C
22,ICWD43-A
22,ITL586-AP
22,ITL596-B
22,ITL600-B
22,ITL623-B
22,ITL628-C
22,ITL616-C
22,ICWD43-A
22,ITL586-AP
22,ITL596-B
22,ITL600-B
22,ITL623-B
22,ITL628-C
22,ITL616-C
23,ITL544-AP
23,ICWD37-A
23,ITL524-A
23,WWDC160-04
23,ITL548-A
23,ITL530-C
23,ITL540-A
23,WWDC160-04
23,ITL511-A
23,D1422
23,ITL544-AP
23,YD50-11-20
23,ITL348-A
23,YD50-11-20
23,ITL544-AP
23,ICWD37-A
23,ITL524-A
23,WWDC160-04
23,ITL548-A
23,ITL530-C
23,ITL540-A
23,WWDC160-04
23,ITL511-A
23,D1422
23,ITL544-AP
23,YD50-11-20
23,ITL348-A
23,YD50-11-20
23,ITL544-AP
23,ITL524-A
23,WWDC160-04
23,ITL548-A
23,ITL530-C
23,ITL540-A
23,WWDC154-12
23,ITL511-A
23,D1422
23,ITL544-AP
23,YD50-11-20
23,ITL348-A
23,YD45-08-25
24,ICWD46-A
24,ITL625-A
24,ITL618-B
24,ITL628-AP
24,ITL606-A
24,ITL609-A
24,ICWD46-A
24,ITL625-A
24,ITL618-B
24,ITL628-AP
24,ITL606-A
24,ITL609-A
24,ICWD46-A
24,ITL625-A
24,ITL618-B
24,ITL628-AP
24,ITL606-A
24,ITL609-A
25,ICWD39-A
25,ITL582-A
25,ITL561-B
25,ITL573-A
25,ITL567-B
25,ITL574-A
25,ITL602-AP
25,WWDCD10-14
25,WWDCD11-20
25,WWDCD7-15
25,WWDCD14-14
25,ICWD39-A
25,ITL582-A
25,ITL561-B
25,ITL573-A
25,ITL567-B
25,ITL574-A
25,ITL602-AP
25,WWDCD10-14
25,WWDCD11-20
25,WWDCD7-15
25,WWDCD14-14
25,ICWD39-A
25,ITL582-A
25,ITL561-B
25,ITL573-A
25,ITL567-B
25,ITL574-A
25,ITL602-AP
26,ICWD47-A
26,ITL629-A
26,ITL638-B
26,ITL585-B
26,ITL614-A
26,ITL626-B
26,ITL627-C
26,ICWD47-A
26,ITL629-A
26,ITL638-B
26,ITL585-B
26,ITL614-A
26,ITL626-B
26,ITL627-C
26,ICWD47-A
26,ITL629-A
26,ITL638-B
26,ITL585-B
26,ITL614-A
26,ITL626-B
26,ITL627-C
27,ICWD48-A
27,ITL714-AP
27,ITL638-A
27,ITL690-A
27,ITL694-A
27,ITL664-B
27,ITL692-C
27,ICWD48-A
27,ITL714-AP
27,ITL638-A
27,ITL690-A
27,ITL694-A
27,ITL664-B
27,ITL692-C
27,ICWD48-A
27,ITL714-AP
27,ITL638-A
27,ITL690-A
27,ITL694-A
27,ITL664-B
27,ITL692-C
28,ICWD34-A
28,ITL439-A
28,ITL442-A
28,ITL470-A
28,ITL410-A
28,ITL427-C
28,ITL438-A
28,ITL400-B
28,ICWD34-A
28,ITL439-A
28,ITL442-A
28,ITL470-A
28,ITL410-A
28,ITL427-C
28,ITL438-A
28,ITL400-B
28,ICWD34-A
28,ITL439-A
28,ITL442-A
28,ITL470-A
28,ITL410-A
28,ITL427-C
28,ITL438-A
28,ITL400-B
29,ICWD36-A
29,ITL477-A
29,ITL489-B
29,ITL458-A
29,ITL485-C
29,ITL470-C
29,ITL400-AP
29,ICWD36-A
29,ITL477-A
29,ITL489-B
29,ITL458-A
29,ITL485-C
29,ITL470-C
29,ITL400-AP
29,ICWD36-A
29,ITL477-A
29,ITL489-B
29,ITL458-A
29,ITL485-C
29,ITL470-C
29,ITL400-AP
30,ICWD52-A
30,WUS65-01
30,ITL704-AP
30,ITL649-A
30,ITL765-A
30,ITL599-B
30,ITL648-B
30,ICWD52-A
30,WUS65-01
30,ITL704-AP
30,ITL649-A
30,ITL765-A
30,ITL599-B
30,ITL648-B
30,ICWD52-A
30,WUS65-01
30,ITL704-AP
30,ITL649-A
30,ITL765-A
30,ITL599-B
30,ITL648-B
31,ICWD49-A
31,ITL637-A
31,ITL653-A
31,ITL633-B
31,ITL652-A
31,ITL654-A
31,ITL747-B
31,ICWD49-A
31,ITL637-A
31,ITL653-A
31,ITL633-B
31,ITL652-A
31,ITL654-A
31,ITL747-B
31,ICWD49-A
31,ITL637-A
31,ITL653-A
31,ITL633-B
31,ITL652-A
31,ITL654-A
31,ITL747-B
32,ICWD51-A
32,ITL772-A
32,ITL746-A
32,ITL747-A
32,ITL787-A
32,ITL784-A
32,ITL729-C
32,ICWD51-A
32,ITL772-A
32,ITL746-A
32,ITL747-A
32,ITL787-A
32,ITL784-A
32,ITL729-C
32,ICWD51-A
32,ITL772-A
32,ITL746-A
32,ITL747-A
32,ITL787-A
32,ITL784-A
32,ITL729-C
33,ICWD55-A
33,ITL802-C
33,ITL816-A
33,ITL667-A
33,ITL724-D
33,ITL650-A
33,ITL806-AP
33,ICWD55-A
33,ITL802-C
33,ITL816-A
33,ITL667-A
33,ITL724-D
33,ITL650-A
33,ITL806-AP
33,ICWD55-A
33,ITL802-C
33,ITL816-A
33,ITL667-A
33,ITL724-D
33,ITL650-A
33,ITL806-AP
34,ICWD56-A
34,ITL659-AP
34,ITL674-B
34,ITL547-A
34,ITL568-A
34,ITL711-AP
34,ICWD56-A
34,ITL659-AP
34,ITL674-B
34,ITL547-A
34,ITL568-A
34,ITL711-AP
34,ICWD56-A
34,ITL659-AP
34,ITL674-B
34,ITL547-A
34,ITL568-A
34,ITL711-AP
35,ICWD53-A
35,ITL795-AP
35,ITL720-A
35,ITL725-D
35,ITL718-A
35,ITL675-C
35,ITL726-D
35,ICWD53-A
35,ITL795-AP
35,ITL720-A
35,ITL725-D
35,ITL718-A
35,ITL675-C
35,ITL726-D
35,ICWD53-A
35,ITL795-AP
35,ITL720-A
35,ITL725-D
35,ITL718-A
35,ITL675-C
35,ITL726-D
36,ICWD7-A
36,ITL108-AP
36,ITL132-AP
36,ITL118-BP
36,ITL172-AP
36,ICWD7-A
36,ITL108-AP
36,ITL132-AP
36,ITL118-BP
36,ITL172-AP
36,ICWD7-A
36,ITL108-AP
36,ITL132-AP
36,ITL118-BP
36,ITL172-AP
37,ICWD58-A
37,ITL800-AP
37,ITL790-A
37,ITL748-A
37,ITL781-A
37,ITL773-AP
37,ICWD58-A
37,ITL800-AP
37,ITL790-A
37,ITL748-A
37,ITL781-A
37,ITL773-AP
37,ICWD58-A
37,ITL800-AP
37,ITL790-A
37,ITL748-A
37,ITL781-A
37,ITL773-AP
38,ICWD59-A
38,ITL809-B
38,ITL846-C
38,ITL823-C
38,ITL831-A
38,ITL844-A
38,ITL819-A
38,ITL819-B
38,ICWD59-A
38,ITL809-B
38,ITL846-C
38,ITL823-C
38,ITL831-A
38,ITL844-A
38,ITL819-A
38,ITL819-B
38,ICWD59-A
38,ITL809-B
38,ITL846-C
38,ITL823-C
38,ITL831-A
38,ITL844-A
38,ITL819-A
38,ITL819-B
39,ICWD61-A
39,ITL811-A
39,ITL821-A
39,ITL826-B
39,ITL838-A
39,ITL812-A
39,ITL817-A
39,ICWD61-A
39,ITL811-A
39,ITL821-A
39,ITL826-B
39,ITL838-A
39,ITL812-A
39,ITL817-A
39,ICWD61-A
39,ITL811-A
39,ITL821-A
39,ITL826-B
39,ITL838-A
39,ITL812-A
39,ITL817-A
40,ICWD60-A
40,ITL684-B
40,ITL762-AP
40,ITL710-A
40,ITL670-A
40,ITL675-AP
40,ICWD60-A
40,ITL684-B
40,ITL762-AP
40,ITL710-A
40,ITL670-A
40,ITL675-AP
40,ICWD60-A
40,ITL684-B
40,ITL762-AP
40,ITL710-A
40,ITL670-A
40,ITL675-AP
41,ICWD57-A
41,ITL706-AP
41,ITL743-AP
41,ITL827-B
41,ITL788-AP
41,ICWD57-A
41,ITL706-AP
41,ITL743-AP
41,ITL827-B
41,ITL788-AP
41,ICWD57-A
41,ITL706-AP
41,ITL743-AP
41,ITL827-B
41,ITL788-AP
42,ICWD62-A
42,ITL734-AP
42,ITL768-BP
42,ITL736-A
42,ITL745-AP
42,ICWD62-A
42,ITL734-AP
42,ITL768-BP
42,ITL736-A
42,ITL745-AP
42,ICWD62-A
42,ITL734-AP
42,ITL768-BP
42,ITL736-A
42,ITL745-AP
43,ICWD64-A
43,ITL791-A
43,ITL798-A
43,ITL800-B
43,ITL792-A
43,ITL726-A
43,ITL670-C
43,ICWD64-A
43,ITL791-A
43,ITL798-A
43,ITL800-B
43,ITL792-A
43,ITL726-A
43,ITL670-C
43,ICWD64-A
43,ITL791-A
43,ITL798-A
43,ITL800-B
43,ITL792-A
43,ITL726-A
43,ITL670-C
44,ICWD63-A
44,ITL821-C
44,ITL822-AP
44,ITL809-A
44,ITL804-A
44,ITL835-AP
44,ICWD63-A
44,ITL821-C
44,ITL822-AP
44,ITL809-A
44,ITL804-A
44,ITL835-AP
44,ICWD63-A
44,ITL821-C
44,ITL822-AP
44,ITL809-A
44,ITL804-A
44,ITL835-AP
45,ICWD65-A
45,ITL853-C
45,ITL850-B
45,ITL777-A
45,ITL775-A
45,ITL795-B
45,ITL764-B
45,ITL854-A
45,ICWD65-A
45,ITL853-C
45,ITL850-B
45,ITL777-A
45,ITL775-A
45,ITL795-B
45,ITL764-B
45,ITL854-A
45,ICWD65-A
45,ITL853-C
45,ITL850-B
45,ITL777-A
45,ITL775-A
45,ITL795-B
45,ITL764-B
45,ITL854-A
46,ICWD66-A
46,ITL832-A
46,ITL636-A
46,ITL796-B
46,ITL864-B
46,ITL856-B
46,ITL849-AP
46,ICWD66-A
46,ITL832-A
46,ITL636-A
46,ITL796-B
46,ITL864-B
46,ITL856-B
46,ITL849-AP
46,ICWD66-A
46,ITL832-A
46,ITL636-A
46,ITL796-B
46,ITL864-B
46,ITL856-B
46,ITL849-AP
47,ICWD67-A
47,ITL767-B
47,ITL851-B
47,ITL794-B
47,ITL884-C
47,ITL883-B
47,ITL829-A
47,ICWD67-A
47,ITL767-B
47,ITL851-B
47,ITL794-B
47,ITL884-C
47,ITL883-B
47,ITL829-A
47,ICWD67-A
47,ITL767-B
47,ITL851-B
47,ITL794-B
47,ITL884-C
47,ITL883-B
47,ITL829-A
48,ICWD69-A
48,ITL807-DP
48,ITL813-A
48,ITL824-C
48,ITL838-B
48,ITL866-A
48,ICWD69-A
48,ITL807-DP
48,ITL813-A
48,ITL824-C
48,ITL838-B
48,ITL866-A
48,ICWD69-A
48,ITL807-DP
48,ITL813-A
48,ITL824-C
48,ITL838-B
48,ITL866-A
49,ICWD70-A
49,ITL854-C
49,ITL861-C
49,ITL862-A
49,ITL863-A
49,ITL855-A
49,ITL863-C
49,ICWD70-A
49,ITL854-C
49,ITL861-C
49,ITL862-A
49,ITL863-A
49,ITL855-A
49,ITL863-C
49,ICWD70-A
49,ITL854-C
49,ITL861-C
49,ITL862-A
49,ITL863-A
49,ITL855-A
49,ITL863-C
50,ICWD71-A
50,ITL872-A
50,ITL880-A
50,ITL867-A
50,ITL864-A
50,ITL865-A
50,ITL871-A
50,ICWD71-A
50,ITL872-A
50,ITL880-A
50,ITL867-A
50,ITL864-A
50,ITL865-A
50,ITL871-A
50,ICWD71-A
50,ITL872-A
50,ITL880-A
50,ITL867-A
50,ITL864-A
50,ITL865-A
50,ITL871-A
51,ICD2-A
51,ITL859-C
51,ITL878-B
51,ITL873-AP
51,ITL879-A
51,ITL873-C
51,ITL878-A
51,ICD2-A
51,ITL859-C
51,ITL878-B
51,ITL873-AP
51,ITL879-A
51,ITL873-C
51,ITL878-A
51,ICD2-A
51,ITL859-C
51,ITL878-B
51,ITL873-AP
51,ITL879-A
51,ITL873-C
51,ITL878-A
52,ICD4-A
52,ITL743-B
52,ITL894-AP
52,ITL603-B
52,ITL612-A
52,ITL619-B
52,ITL902-A
52,ICD4-A
52,ITL743-B
52,ITL894-AP
52,ITL603-B
52,ITL612-A
52,ITL619-B
52,ITL902-A
52,ICD4-A
52,ITL743-B
52,ITL894-AP
52,ITL603-B
52,ITL612-A
52,ITL619-B
52,ITL902-A
53,ICWD6-A
53,ITL167-BP
53,WUS17-02
53,WUS5-02
53,WUS20-01
53,ITL178-AP
53,ICWD6-A
53,ITL167-BP
53,WUS17-02
53,WUS5-02
53,WUS20-01
53,ITL178-AP
53,ICWD6-A
53,ITL167-BP
53,WUS17-02
53,WUS5-02
53,WUS20-01
53,ITL178-AP
54,ICD10-A
54,ITL810-A
54,ITL661-B
54,ITL820-D
54,ITL842-A
54,ITL783-B
54,ITL633-AP
54,ICD10-A
54,ITL810-A
54,ITL661-B
54,ITL820-D
54,ITL842-A
54,ITL783-B
54,ITL633-AP
54,ICD10-A
54,ITL810-A
54,ITL661-B
54,ITL820-D
54,ITL842-A
54,ITL783-B
54,ITL633-AP
55,ICD6-A
55,ITL687-B
55,ITL156-AP
55,ITL734-B
55,ITL756-C
55,ITL767-A
55,ITL159-AP
55,S72265
55,ICD6-A
55,ITL687-B
55,ITL156-AP
55,ITL734-B
55,ITL756-C
55,ITL767-A
55,ITL159-AP
55,S72265
55,ICD6-A
55,ITL687-B
55,ITL156-AP
55,ITL734-B
55,ITL756-C
55,ITL767-A
55,ITL159-AP
55,S72265
56,ICD8-A
56,ITL898-A
56,ITL713-A
56,ICWD68-A
56,ITL757-C
56,ITL897-A
56,ITL742-A
56,ITL895-B
56,ICD8-A
56,ITL898-A
56,ITL713-A
56,ICWD68-A
56,ITL757-C
56,ITL897-A
56,ITL742-A
56,ITL895-B
56,ICD8-A
56,ITL898-A
56,ITL713-A
56,ICWD68-A
56,ITL757-C
56,ITL897-A
56,ITL742-A
56,ITL895-B
57,ICD12-A
57,ITL906-C
57,ITL923-AP
57,ITL884-AP
57,ITL875-AP
57,ICD12-A
57,ITL906-C
57,ITL923-AP
57,ITL884-AP
57,ITL875-AP
57,ICD12-A
57,ITL906-C
57,ITL923-AP
57,ITL884-AP
57,ITL875-AP
58,ICWD11-A
58,ITL226-BP
58,ITL223-AP
58,ITL219-AP
58,ICWD11-A
58,ITL226-BP
58,ITL223-AP
58,ITL219-AP
58,ICWD11-A
58,ITL226-BP
58,ITL223-AP
58,ITL219-AP
59,ICD14-A
59,ITL687-A
59,ITL733-A
59,ITL769-B
59,ITL1074-B
59,ITL732-A
59,ITL916-C
59,ITL744-B
59,ICD14-A
59,ITL687-A
59,ITL733-A
59,ITL769-B
59,ITL1074-B
59,ITL732-A
59,ITL916-C
59,ITL744-B
59,ICD14-A
59,ITL687-A
59,ITL733-A
59,ITL769-B
59,ITL1074-B
59,ITL732-A
59,ITL916-C
59,ITL744-B
60,ICWD1-A
60,ITL162-AP
60,ITL137-AP
60,ITL935-C
60,ITL919-A
60,ITL909-B
60,ICWD1-A
60,ITL162-AP
60,ITL137-AP
60,ITL935-C
60,ITL919-A
60,ITL909-B
60,ICWD1-A
60,ITL162-AP
60,ITL137-AP
60,ITL935-C
60,ITL919-A
60,ITL909-B
61,ICD16-A
61,ITL904-AP
61,ITL916-B
61,ITL903-A
61,ITL906-B
61,ITL887-C
61,ITL899-A
61,ICD16-A
61,ITL904-AP
61,ITL916-B
61,ITL903-A
61,ITL906-B
61,ITL887-C
61,ITL899-A
61,ICD16-A
61,ITL904-AP
61,ITL916-B
61,ITL903-A
61,ITL906-B
61,ITL887-C
61,ITL899-A
62,ICWD2-A
62,ITL116-AP
62,UMMW642
62,YM126
62,ITL13-AP
62,S71374
62,ICWD2-A
62,ITL116-AP
62,UMMW642
62,YM126
62,ITL13-AP
62,S71374
62,ICWD2-A
62,ITL116-AP
62,UMMW642
62,YM126
62,ITL13-AP
62,S71374
63,ICD18-A
63,ITL755-D
63,ITL722-CP
63,ITL780-B
63,ITL605-B
63,ITL905-A
63,ITL889-A
63,ICD18-A
63,ITL755-D
63,ITL722-CP
63,ITL780-B
63,ITL605-B
63,ITL905-A
63,ITL889-A
63,ICD18-A
63,ITL755-D
63,ITL722-CP
63,ITL780-B
63,ITL605-B
63,ITL905-A
63,ITL889-A
64,ICD22-A
64,ITL937-AP
64,ITL913-C
64,ITL929-A
64,ITL911-C
64,ITL932-A
64,ITL779-B
64,ICD22-A
64,ITL937-AP
64,ITL913-C
64,ITL929-A
64,ITL911-C
64,ITL932-A
64,ITL779-B
64,ICD22-A
64,ITL937-AP
64,ITL913-C
64,ITL929-A
64,ITL911-C
64,ITL932-A
64,ITL779-B
65,ICD24-A
65,ITL845-B
65,ITL610-AP
65,ITL844-C
65,ITL881-A
65,ITL822-C
65,ITL859-B
65,ICD24-A
65,ITL845-B
65,ITL610-AP
65,ITL844-C
65,ITL881-A
65,ITL822-C
65,ITL859-B
65,ICD24-A
65,ITL845-B
65,ITL610-AP
65,ITL844-C
65,ITL881-A
65,ITL822-C
65,ITL859-B
66,ICWD8-A
66,ITL202-AP
66,ITL210-AP
66,ITL180-AP
66,ICWD8-A
66,ITL202-AP
66,ITL210-AP
66,ITL180-AP
66,ICWD8-A
66,ITL202-AP
66,ITL210-AP
66,ITL180-AP
67,ICWD14-A
67,ITL222-AP
67,ITL140-BP
67,ITL212-BP
67,ITL208-AP
67,ICWD14-A
67,ITL222-AP
67,ITL140-BP
67,ITL212-BP
67,ITL208-AP
67,ICWD14-A
67,ITL222-AP
67,ITL140-BP
67,ITL212-BP
67,ITL208-AP
68,ICD26-A
68,ITL785-A
68,ITL788-B
68,ITL786-A
68,ITL797-B
68,ITL940-AP
68,ITL944-A
68,ICD26-A
68,ITL785-A
68,ITL788-B
68,ITL786-A
68,ITL797-B
68,ITL940-AP
68,ITL944-A
68,ICD26-A
68,ITL785-A
68,ITL788-B
68,ITL786-A
68,ITL797-B
68,ITL940-AP
68,ITL944-A
69,ICWD13-A
69,ITL216-B
69,ITL190-AP
69,ITL144-AP
69,ITL950-A
69,ITL96-AP
69,ICWD13-A
69,ITL216-B
69,ITL190-AP
69,ITL144-AP
69,ITL950-A
69,ITL96-AP
69,ICWD13-A
69,ITL216-B
69,ITL190-AP
69,ITL144-AP
69,ITL950-A
69,ITL96-AP
70,ICD36-A+ICD30-A
70,ITL917-C
70,ITL793-B
70,ITL925-D
70,ITL790-B
70,ITL938-B
70,ITL642-B
70,ITL975-A
70,ICD36-A+ICD30-A
70,ITL917-C
70,ITL793-B
70,ITL925-D
70,ITL790-B
70,ITL938-B
70,ITL642-B
70,ITL975-A
70,ICD36-A+ICD30-A
70,ITL917-C
70,ITL793-B
70,ITL925-D
70,ITL790-B
70,ITL938-B
70,ITL642-B
70,ITL975-A
71,ICD38-A
71,ITL982-B
71,ITL967-A
71,ITL920-A
71,ITL902-B
71,ITL870-A
71,ITL894-C
71,ITL892-B
71,ICD38-A
71,ITL982-B
71,ITL967-A
71,ITL920-A
71,ITL902-B
71,ITL870-A
71,ITL894-C
71,ITL892-B
71,ICD38-A
71,ITL982-B
71,ITL967-A
71,ITL920-A
71,ITL902-B
71,ITL870-A
71,ITL894-C
71,ITL892-B
72,ICD40-A
72,ITL986-A
72,ITL1015-AP
72,ITL1020-B
72,ITL1003-B
72,ITL982-A
72,ITL937-B
72,ICD40-A
72,ITL986-A
72,ITL1015-AP
72,ITL1020-B
72,ITL1003-B
72,ITL982-A
72,ITL937-B
72,ICD40-A
72,ITL986-A
72,ITL1015-AP
72,ITL1020-B
72,ITL1003-B
72,ITL982-A
72,ITL937-B
73,ICD42-A
73,ITL915-C
73,ITL914-C
73,ITL903-C
73,ITL911-B
73,ITL867-B
73,ITL620-BP
73,ZM77-11-27
73,ICD42-A
73,ITL915-C
73,ITL914-C
73,ITL903-C
73,ITL911-B
73,ITL867-B
73,ITL620-BP
73,ZM77-11-27
73,ICD42-A
73,ITL915-C
73,ITL914-C
73,ITL903-C
73,ITL911-B
73,ITL867-B
73,ITL620-BP
73,ZM77-11-27
74,ICWD15-A
74,ITL250-AP
74,ITL228-AP
74,ITL239-BP
74,ITL236-CP
74,ICWD15-A
74,ITL250-AP
74,ITL228-AP
74,ITL239-BP
74,ITL236-CP
74,ICWD15-A
74,ITL250-AP
74,ITL228-AP
74,ITL239-BP
74,ITL236-CP
75,ICD44-A
75,ITL976-A
75,ITL999-A
75,ITL907-A
75,ITL1275-AP
75,ITL1285-BP
75,S78175
75,ICD44-A
75,ITL976-A
75,ITL999-A
75,ITL907-A
75,ITL1275-AP
75,ITL1285-BP
75,S78175
75,ICD44-A
75,ITL976-A
75,ITL999-A
75,ITL907-A
75,ITL1275-AP
75,ITL1285-BP
75,S78175
76,ICWD12-A
76,ITL206-AP
76,ITL183-AP
76,ITL170-AP
76,ITL158-AP
76,ICWD12-A
76,ITL206-AP
76,ITL183-AP
76,ITL170-AP
76,ITL158-AP
76,ICWD12-A
76,ITL206-AP
76,ITL183-AP
76,ITL170-AP
76,ITL158-AP
77,ITL542-AP
77,ITL993-A
77,ITL992-B
77,ITL915-A
77,ITL989-A
77,WJW25-01
77,ITL909-A
77,ITL906-AP
77,ITL542-AP
77,ITL993-A
77,ITL992-B
77,ITL915-A
77,ITL989-A
77,WJW25-01
77,ITL909-A
77,ITL906-AP
77,ITL542-AP
77,ITL993-A
77,ITL992-B
77,ITL915-A
77,ITL989-A
77,WJW25-01
77,ITL909-A
77,ITL906-AP
78,ITL986-C
78,ITL1272-AP
78,ITL990-B
78,ITL1270-AP
78,ITL1215-B
78,S72374
78,S72018
78,ITL986-C
78,ITL1272-AP
78,ITL990-B
78,ITL1270-AP
78,ITL1215-B
78,S72374
78,S72018
78,ITL986-C
78,ITL1272-AP
78,ITL990-B
78,ITL1270-AP
78,ITL1215-B
78,S72374
78,S72018
79,ICD52-A
79,S71123
79,S71160
79,S71206
79,ITL283-A
79,WDG33-01
79,ITL243-A
79,ITL272-A
79,D3853
79,ICD52-A
79,S71123
79,S71160
79,S71206
79,ITL283-A
79,WDG33-01
79,ITL243-A
79,ITL272-A
79,D3853
79,ICD52-A
79,S71123
79,ITL283-A
79,WDG33-01
79,ITL243-A
79,ITL272-A
79,D3853
80,ITL1209-BP
80,ZM69-12-28
80,ITL1247-BP
80,ZM73-07-08
80,ITL1302-AP
80,ITL1313-B
80,S73206
80,ZM43-06-13
80,ITL1209-BP
80,ZM69-12-28
80,ITL1247-BP
80,ZM73-07-08
80,ITL1302-AP
80,ITL1313-B
80,S73206
80,ZM43-06-13
80,ITL1209-BP
80,ZM69-12-28
80,ITL1247-BP
80,ZM73-07-08
80,ITL1302-AP
80,ITL1313-B
80,S73206
80,ZM43-06-13
81,ITL266-A
81,ITL1317-AP
81,ITL833-B
81,ITL270-A
81,ITL266-A
81,ITL1317-AP
81,ITL833-B
81,ITL270-A
81,ITL266-A
81,ITL1317-AP
81,ITL833-B
81,ITL270-A
82,ICWD54-A
82,ICWD54-B
82,S79257
82,S74042
82,ITL969-B
82,ITL940-B
82,ICWD54-A
82,ICWD54-B
82,S79257
82,S74042
82,ITL969-B
82,ITL940-B
82,ICWD54-A
82,""
82,ICWD54-B
82,S79257
82,S74042
82,ITL969-B
82,ITL940-B
83,ITL1319-BP
83,S72435
83,ITL1297-AP
83,ZD45-10-21
83,ITL1313-AP
83,ZD64-01-26
83,ITL984-B
83,S72059
83,ITL1319-BP
83,S72435
83,ITL1297-AP
83,ZD45-10-21
83,ITL1313-AP
83,ZD64-01-26
83,ITL984-B
83,S72059
83,ITL1319-BP
83,S72435
83,ITL1297-AP
83,ZD45-10-21
83,ITL1313-AP
83,ZD64-01-26
83,ITL984-B
83,S72059
84,ITL1227-BP
84,S74084
84,ITL952-A
84,ITL538-C
84,ITL936-A
84,ITL959-A
84,ITL830-C
84,ZM73-10-14
84,ITL1297-BP
84,ITL1227-BP
84,S74084
84,ITL952-A
84,ITL538-C
84,ITL936-A
84,ITL959-A
84,ITL830-C
84,ZM73-10-14
84,ITL1297-BP
84,ITL1227-BP
84,S74084
84,ITL952-A
84,ITL538-C
84,ITL936-A
84,ITL959-A
84,ITL830-C
84,ZM73-10-14
84,ITL1297-BP
85,S79005
85,YD68-12-07
85,ITL896-A
85,ITL500-A
85,ITL299-A
85,ITL793-A
85,ZD45-11-25
85,ITL543-B
85,ITL590-A
85,ITL593-B
85,YD69-02-01
85,WBB29-01
85,S79005
85,YD68-12-07
85,ITL896-A
85,ITL500-A
85,ITL299-A
85,ITL793-A
85,ZD45-11-25
85,ITL543-B
85,ITL590-A
85,ITL593-B
85,YD69-02-01
85,WBB29-01
85,S79005
85,YD68-12-07
85,ITL896-A
85,ITL500-A
85,ITL299-A
85,ITL793-A
85,ZD45-11-25
85,ITL543-B
85,ITL590-A
85,ITL593-B
85,YD69-02-01
85,WBB29-01
86,ICD32-A+ICD56-A
86,ITL977-A
86,ITL977-B
86,ITL946-A
86,ITL326-A
86,S75122
86,D5145
86,ITL955-AP
86,ITL989-B
86,ICD32-A+ICD56-A
86,ITL977-A
86,ITL977-B
86,ITL946-A
86,ITL326-A
86,S75122
86,D5145
86,ITL955-AP
86,ITL989-B
86,ICD32-A+ICD56-A
86,ITL977-A
86,ITL977-B
86,ITL946-A
86,ITL326-A
86,S75122
86,D5145
86,ITL955-AP
86,ITL989-B
87,ITL617-AP
87,ZM69-12-21
87,ITL641-B
87,ITL1324-B
87,S73166
87,ITL443-A
87,Z?M?16
87,ITL1134-A
87,ITL407-B
87,ZM69-12-14
87,S79055
87,ITL617-AP
87,ZM69-12-21
87,ITL641-B
87,ITL1324-B
87,S73166
87,ITL443-A
87,Z?M?16
87,ITL1134-A
87,ITL407-B
87,ZM69-12-14
87,S79055
87,S74056
87,ITL560-C
87,ITL617-AP
87,ZM69-12-21
87,ITL641-B
87,ITL1324-B
87,S73166
87,ITL443-A
87,Z?M?16
87,ITL1134-A
87,ITL407-B
87,ZM69-12-14
87,S79055
87,S74056
87,ITL560-C
88,ICD
88,ITL1140-AP
88,ITL1086-AP
88,ITL1253-B
88,ITL1254-B
88,ITL1261-B
88,ITL1096-AP
88,ICD
88,ITL1140-AP
88,ITL1086-AP
88,ITL1253-B
88,ITL1254-B
88,ITL1261-B
88,ITL1096-AP
88,ICD
88,ITL1140-AP
88,ITL1086-AP
88,ITL1253-B
88,ITL1254-B
88,ITL1261-B
88,ITL1096-AP
89,ITL683-B
89,ZD60-10-23
89,ITL718-B
89,ITL620-A
89,ITL719-C
89,ITL613-A
89,ITL758-A
89,ITL722-B
89,S71193
89,WBBVS12-01
89,ITL595-C
89,ITL683-B
89,ZD60-10-23
89,ITL718-B
89,ITL620-A
89,ITL719-C
89,ITL613-A
89,ITL758-A
89,ITL722-B
89,S71193
89,WBBVS12-01
89,ITL595-C
89,ITL683-B
89,ZD60-10-23
89,ITL718-B
89,ITL620-A
89,ITL719-C
89,ITL613-A
89,ITL758-A
89,ITL722-B
89,S71193
89,WBBVS12-01
89,ITL595-C
90,ITL1001-A
90,ZM69-12-07
90,ITL648-A
90,ZM76-06-13
90,ITL672-B
90,ITL630-A
90,ITL699-A
90,ITL669-C
90,ITL980-B
90,S72256
90,ITL646-B
90,S76029
90,ITL1001-A
90,ZM69-12-07
90,ITL648-A
90,ZM76-06-13
90,ITL672-B
90,ITL630-A
90,ITL699-A
90,ITL669-C
90,ITL980-B
90,S72256
90,ITL646-B
90,S76029
90,ITL1001-A
90,ZM69-12-07
90,ITL648-A
90,ZM76-06-13
90,ITL672-B
90,ITL630-A
90,ITL699-A
90,ITL669-C
90,ITL980-B
90,S72256
90,ITL646-B
90,S76029
91,ITL731-A
91,ITL607-A
91,ITL708-C
91,ZD59-04-26
91,ITL657-A
91,S71272
91,ITL609-B
91,ITL580-B
91,ITL440-B
91,ITL642-A
91,YD69-01-07
91,ITL592-A
91,WDAD49-02
91,ITL731-A
91,ITL607-A
91,ITL708-C
91,ZD59-04-26
91,ITL657-A
91,S71272
91,ITL609-B
91,ITL580-B
91,ITL440-B
91,ITL642-A
91,YD69-01-07
91,ITL592-A
91,WDAD49-02
91,ITL731-A
91,ITL607-A
91,ITL708-C
91,ZD59-04-26
91,ITL657-A
91,S71272
91,ITL609-B
91,ITL580-B
91,ITL440-B
91,ITL642-A
91,YD69-01-07
91,ITL592-A
91,WDAD49-02
92,ITL673-A
92,ITL677-A
92,S71254
92,ITL672-A
92,ITL696-A
92,ITL708-A
92,ITL474-B
92,ITL656-B
92,ITL678-B
92,S72183
92,ITL1314-B
92,ITL673-A
92,ITL677-A
92,S71254
92,ITL672-A
92,ITL696-A
92,ITL708-A
92,ITL474-B
92,ITL656-B
92,ITL678-B
92,S72183
92,ITL1314-B
92,ITL673-A
92,ITL677-A
92,S71254
92,ITL672-A
92,ITL696-A
92,ITL708-A
92,ITL474-B
92,ITL656-B
92,ITL678-B
92,S72183
92,ITL1314-B
93,ITL749-A
93,ITL750-A
93,ITL751-A
93,ITL753-A
93,ITL754-A
93,ITL755-A
93,ITL756-A
93,WDAD31-04
93,ITL749-A
93,ITL750-A
93,ITL751-A
93,ITL753-A
93,ITL754-A
93,ITL755-A
93,ITL756-A
93,WDAD31-04
93,ITL749-A
93,ITL750-A
93,ITL751-A
93,ITL753-A
93,ITL754-A
93,ITL755-A
93,ITL756-A
93,WDAD31-04
94,ITL733-B
94,ITL945-A
94,ITL665-A
94,ITL681-A
94,ITL731-B
94,ITL724-A
94,ITL703-A
94,ITL1019-A
94,ITL518-C
94,S73044
94,ITL733-B
94,ITL945-A
94,ITL665-A
94,ITL681-A
94,ITL731-B
94,ITL724-A
94,ITL703-A
94,ITL1019-A
94,ITL518-C
94,S73044
94,ITL733-B
94,ITL945-A
94,ITL665-A
94,ITL681-A
94,ITL731-B
94,ITL724-A
94,ITL703-A
94,ITL1019-A
94,ITL518-C
94,S73044
95,ITL695-A
95,ITL640-B
95,ITL700-A
95,ITL610-B
95,ITL695-C
95,ITL725-A
95,ITL481-B
95,ITL914-B
95,ITL716-A
95,ITL695-A
95,ITL640-B
95,ITL700-A
95,ITL610-B
95,ITL695-C
95,ITL725-A
95,ITL481-B
95,ITL914-B
95,ITL716-A
95,ITL695-A
95,ITL640-B
95,ITL700-A
95,ITL610-B
95,ITL695-C
95,ITL725-A
95,ITL481-B
95,ITL914-B
95,ITL716-A
96,ITL929-B
96,ZD45-11-11
96,ITL1123-A
96,ZD63-06-30
96,ITL646-A
96,ITL1035-A
96,ITL1075-B
96,ZD69-01-05
96,ITL988-A
96,ZD69-02-09
96,ITL655-B
96,ITL996-A
96,S71395
96,ITL929-B
96,ZD45-11-11
96,ITL1123-A
96,ZD63-06-30
96,ITL646-A
96,ITL1035-A
96,ITL1075-B
96,ZD69-01-05
96,ITL988-A
96,ZD69-02-09
96,ITL655-B
96,ITL996-A
96,S71395
96,ITL929-B
96,ZD45-11-11
96,ITL1123-A
96,ZD63-06-30
96,ITL646-A
96,ITL1035-A
96,ITL1075-B
96,ZD69-01-05
96,ITL988-A
96,ZD69-02-09
96,ITL655-B
96,ITL996-A
96,S71395
97,ICD91-A
97,ITL139-BP
97,ITL372-A
97,ICWD45-A
97,ICD91-A
97,ITL139-BP
97,ITL372-A
97,ICWD45-A
97,ICD91-A
97,ITL139-BP
97,ITL372-A
97,ICWD45-A
98,ITL1196-B
98,ITL791-B
98,ITL893-B
98,ITL268-B
98,ITL339-A
98,ITL840-A
98,ITL442-B
98,ITL1190-B
98,S81175
98,ITL1196-B
98,ITL791-B
98,ITL893-B
98,ITL268-B
98,ITL339-A
98,ITL840-A
98,ITL442-B
98,ITL1190-B
98,S81175
98,ITL1196-B
98,ITL791-B
98,ITL893-B
98,ITL268-B
98,ITL339-A
98,ITL840-A
98,ITL442-B
98,ITL1190-B
98,S81175
99,ITL715-B
99,ITL779-A
99,ITL655-A
99,ITL686-A
99,ITL690-B
99,ITL691-C
99,ITL698-A
99,ITL727-E
99,ZD64-10-04
99,ITL538-B
99,ZD69-03-09
99,ITL715-B
99,ITL779-A
99,ITL655-A
99,ITL686-A
99,ITL690-B
99,ITL691-C
99,ITL698-A
99,ITL727-E
99,ZD64-10-04
99,ITL538-B
99,ZD69-03-09
99,ITL715-B
99,ITL779-A
99,ITL655-A
99,ITL686-A
99,ITL690-B
99,ITL691-C
99,ITL698-A
99,ITL727-E
99,ZD64-10-04
99,ITL538-B
99,ZD69-03-09
100,ITL784-B
100,ITL763-A
100,ITL939-A
100,ITL1000-C
100,ITL974-B
100,ITL905-B
100,ITL673-B
100,ITL1133-A
100,WBB46-04
100,ITL770-A
100,ZD67-01-08
100,ITL784-B
100,ITL763-A
100,ITL939-A
100,ITL1000-C
100,ITL974-B
100,ITL905-B
100,ITL673-B
100,ITL1133-A
100,WBB46-04
100,ITL770-A
100,ZD67-01-08
100,ITL784-B
100,ITL763-A
100,ITL939-A
100,ITL1000-C
100,ITL974-B
100,ITL905-B
100,ITL673-B
100,ITL1133-A
100,WBB46-04
100,ITL770-A
100,ZD67-01-08
101,ITL737-A
101,ITL556-A
101,ZD50-02-19
101,ITL510-B
101,ITL448-D
101,ITL435-B
101,ITL713-B
101,ITL548-C
101,ITL578-A
101,S71366
101,ITL468-C
101,ITL569-C
101,ITL737-A
101,ITL556-A
101,ZD50-02-19
101,ITL510-B
101,ITL448-D
101,ITL435-B
101,ITL713-B
101,ITL548-C
101,ITL578-A
101,S71366
101,ITL468-C
101,ITL569-C
101,ITL737-A
101,ITL556-A
101,ZD50-02-19
101,ITL510-B
101,ITL448-D
101,ITL435-B
101,ITL713-B
101,ITL548-C
101,ITL578-A
101,S71366
101,ITL468-C
101,ITL569-C
102,ITL1334-B
102,ITL1361-A
102,ITL1258-A
102,ITL1221-B
102,ITL1316-A
102,ITL987-A
102,ZD66-03-13
102,ITL925-AP
102,S72060
102,ITL1334-B
102,ITL1361-A
102,ITL1258-A
102,ITL1221-B
102,ITL1316-A
102,ITL987-A
102,ZD66-03-13
102,ITL925-AP
102,S72060
102,ITL1334-B
102,ITL1361-A
102,ITL1258-A
102,ITL1221-B
102,ITL1316-A
102,ITL987-A
102,ZD66-03-13
102,ITL925-AP
102,S72060
103,ITL392-A
103,ZD45-10-28
103,ITL559-B
103,ZD76-05-30
103,ITL412-A
103,ITL373-A
103,S72364
103,ITL455-D
103,ITL443-B
103,ITL423-B
103,ZD69-12-14
103,ITL432-B
103,ITL318-B
103,S69101
103,ITL392-A
103,ZD45-10-28
103,ITL559-B
103,ZD76-05-30
103,ITL412-A
103,ITL373-A
103,S72364
103,ITL455-D
103,ITL443-B
103,ITL423-B
103,ZD69-12-14
103,ITL432-B
103,ITL318-B
103,S69101
103,ITL392-A
103,ZD45-10-28
103,ITL559-B
103,ZD76-05-30
103,ITL412-A
103,ITL373-A
103,S72364
103,ITL455-D
103,ITL443-B
103,ITL423-B
103,ZD69-12-14
103,ITL432-B
103,ITL318-B
103,S69101
104,ITL758-C
104,S72325
104,ITL579-B
104,ITL569-B
104,ITL957-A
104,ITL448-A
104,WWDC87-16
104,ITL517-A
104,ZD69-01-19
104,ITL489-A
104,ITL504-A
104,S72405
104,ITL557-A
104,ZD70-09-20
104,ITL758-C
104,S72325
104,ITL579-B
104,ITL569-B
104,ITL957-A
104,ITL448-A
104,WWDC87-16
104,ITL517-A
104,ZD69-01-19
104,ITL489-A
104,ITL504-A
104,S72405
104,ITL557-A
104,ZD70-09-20
104,ITL758-C
104,S72325
104,ITL579-B
104,ITL569-B
104,ITL957-A
104,ITL448-A
104,WWDC87-16
104,ITL517-A
104,ZD69-01-19
104,ITL489-A
104,ITL504-A
104,S72405
104,ITL557-A
104,ZD70-09-20
105,ITL490-A
105,ITL431-A
105,ITL900-B
105,ITL492-C
105,ITL377-A
105,S71346
105,ITL479-B
105,ITL388-B
105,ITL453-A
105,YD69-02-15
105,ITL483-A
105,ITL490-A
105,ITL431-A
105,ITL900-B
105,ITL492-C
105,ITL377-A
105,S71346
105,ITL479-B
105,ITL388-B
105,ITL453-A
105,YD69-02-15
105,ITL483-A
105,ITL490-A
105,ITL431-A
105,ITL900-B
105,ITL492-C
105,ITL377-A
105,S71346
105,ITL479-B
105,ITL388-B
105,ITL453-A
105,YD69-02-15
105,ITL483-A
106,ITL472-A
106,ITL565-B
106,ITL567-A
106,ITL495-A
106,ITL406-C
106,ZD63-10-13
106,ITL545-B
106,ITL666-A
106,ZD69-01-26
106,ITL445-C
106,ITL428-C
106,ITL569-A
106,ITL502-B
106,ITL472-A
106,ITL565-B
106,ITL567-A
106,ITL495-A
106,ITL406-C
106,ZD63-10-13
106,ITL545-B
106,ITL666-A
106,ZD69-01-26
106,ITL445-C
106,ITL428-C
106,ITL569-A
106,ITL502-B
106,ITL472-A
106,ITL565-B
106,ITL567-A
106,ITL495-A
106,ITL406-C
106,ZD63-10-13
106,ITL545-B
106,ITL666-A
106,ZD69-01-26
106,ITL445-C
106,ITL428-C
106,ITL569-A
106,ITL502-B
107,ITL429-A
107,ITL481-A
107,ITL561-A
107,ITL528-A
107,ZD66-10-30
107,ITL399-D
107,ITL344-B
107,S82102
107,ITL532-C
107,S81033
107,ITL396-A
107,ITL707-C
107,ITL518-D
107,ITL429-A
107,ITL481-A
107,ITL561-A
107,ITL528-A
107,ZD66-10-30
107,ITL399-D
107,ITL344-B
107,S82102
107,ITL532-C
107,S81033
107,ITL396-A
107,ITL707-C
107,ITL518-D
107,ITL429-A
107,ITL481-A
107,ITL561-A
107,ITL528-A
107,ZD66-10-30
107,ITL399-D
107,ITL344-B
107,S82102
107,ITL532-C
107,S81033
107,ITL396-A
107,ITL707-C
107,ITL518-D
108,ITL460-A
108,S81083
108,ITL627-B
108,ITL466-A
108,ZD70-06-28
108,ITL462-A
108,ITL1161-B
108,S79099
108,ITL419-A
108,S71187
108,ITL415-D
108,ITL575-A
108,ITL460-A
108,S81083
108,ITL627-B
108,ITL466-A
108,ZD70-06-28
108,ITL462-A
108,ITL1161-B
108,S79099
108,ITL419-A
108,S71187
108,ITL415-D
108,ITL575-A
108,ITL460-A
108,S81083
108,ITL627-B
108,ITL466-A
108,ZD70-06-28
108,ITL462-A
108,ITL1161-B
108,S79099
108,ITL419-A
108,S71187
108,ITL415-D
108,ITL575-A
109,ITL1131-A
109,ITL1133-B
109,ITL1138-B
109,S79213
109,S71223
109,ITL1044-A
109,ITL1105-C
109,ITL1192-B
109,ITL1131-A
109,ITL1133-B
109,ITL1138-B
109,S79213
109,S71223
109,ITL1044-A
109,ITL1105-C
109,ITL1192-B
109,ITL1131-A
109,ITL1133-B
109,ITL1138-B
109,S79213
109,S71223
109,ITL1044-A
109,ITL1105-C
109,ITL1192-B
110,ITL1099-A
110,ITL1037-B
110,ITL1019-C
110,WWDS8-02
110,ITL1049-A
110,S81034
110,WDAD21-01
110,ITL1101-B
110,S80164
110,ITL1108-B
110,ITL1121-A
110,ITL1099-A
110,ITL1037-B
110,ITL1019-C
110,WWDS8-02
110,ITL1049-A
110,S81034
110,WDAD21-01
110,ITL1101-B
110,S80164
110,ITL1108-B
110,ITL1121-A
110,ITL1099-A
110,ITL1037-B
110,ITL1019-C
110,WWDS8-02
110,ITL1049-A
110,S81034
110,WDAD21-01
110,ITL1101-B
110,S80164
110,ITL1108-B
110,ITL1121-A
111,ITL1014-B
111,ITL1018-A
111,ITL1047-B
111,ITL1148-B
111,ITL1020-A
111,S81105
111,ITL1032-A
111,ZD69-03-23
111,ITL1030-B
111,ITL1014-B
111,ITL1018-A
111,ITL1047-B
111,ITL1148-B
111,ITL1020-A
111,S81105
111,ITL1032-A
111,ZD69-03-23
111,ITL1030-B
111,ITL1014-B
111,ITL1018-A
111,ITL1047-B
111,ITL1148-B
111,ITL1020-A
111,S81105
111,ITL1032-A
111,ZD69-03-23
111,ITL1030-B
112,ITL604-B
112,ITL433-A
112,ITL510-C
112,ITL446-A
112,ITL320-B
112,ITL467-B
112,ITL694-B
112,ITL413-A
112,ZM80-10-19
112,S70210
112,ITL1132-A
112,ITL604-B
112,ITL433-A
112,ITL510-C
112,ITL446-A
112,ITL320-B
112,ITL467-B
112,ITL694-B
112,ITL413-A
112,ZM80-10-19
112,S70210
112,ITL1132-A
112,ITL604-B
112,ITL433-A
112,ITL510-C
112,ITL446-A
112,ITL320-B
112,ITL467-B
112,ITL694-B
112,ITL413-A
112,ZM80-10-19
112,S70210
112,ITL1132-A
113,ITL1166-A
113,ZD64-09-13
113,ITL1156-B
113,ITL1090-B
113,ITL720-C
113,S82018
113,ITL469-A
113,S81114
113,ITL1147-A
113,ITL1175-BP
113,ITL1166-A
113,ZD64-09-13
113,ITL1156-B
113,ITL1090-B
113,ITL720-C
113,S82018
113,ITL469-A
113,S81114
113,ITL1147-A
113,ITL1175-BP
113,ITL1166-A
113,ZD64-09-13
113,ITL1156-B
113,ITL1090-B
113,ITL720-C
113,S82018
113,ITL469-A
113,S81114
113,ITL1147-A
113,ITL1175-BP
114,ITL1143-A
114,ITL789-B
114,ITL353-A
114,ITL1117-C
114,ITL1213-A
114,YD82-11-24
114,ITL1206-A
114,S71269
114,ITL1493-A
114,ITL1155-A
114,ITL1143-A
114,ITL789-B
114,ITL353-A
114,ITL1117-C
114,ITL1213-A
114,YD82-11-24
114,ITL1206-A
114,S71269
114,ITL1493-A
114,ITL1155-A
114,ITL1143-A
114,ITL789-B
114,ITL353-A
114,ITL1117-C
114,ITL1213-A
114,YD82-11-24
114,ITL1206-A
114,S71269
114,ITL1493-A
114,ITL1155-A
115,ITL1383-B
115,WJW69-01
115,ITL1070-B
115,ITL1092-C
115,ITL1051-A
115,ITL1083-A
115,ITL1090-A
115,S72261
115,ITL1110-B
115,S76185
115,ITL1383-B
115,WJW69-01
115,ITL1070-B
115,ITL1092-C
115,ITL1051-A
115,ITL1083-A
115,ITL1090-A
115,S72261
115,ITL1110-B
115,S76185
115,ITL1383-B
115,WJW69-01
115,ITL1070-B
115,ITL1092-C
115,ITL1051-A
115,ITL1083-A
115,ITL1090-A
115,S72261
115,ITL1110-B
115,S76185
116,ITL1558-A
116,WDD137-04
116,ITL1119-A
116,ITL1187-A
116,ITL1164-B
116,ITL824-B
116,ITL1099-B
116,ITL1536-B
116,S84016
116,S81147
116,ITL1065-A
116,ITL1558-A
116,WDD137-04
116,ITL1119-A
116,ITL1187-A
116,ITL1164-B
116,ITL824-B
116,ITL1099-B
116,ITL1536-B
116,S84016
116,S81147
116,ITL1065-A
116,ITL1558-A
116,WDD137-04
116,ITL1119-A
116,ITL1187-A
116,ITL1164-B
116,ITL824-B
116,ITL1099-B
116,ITL1536-B
116,S84016
116,S81147
116,ITL1065-A
117,ITL1396-A
117,ITL1545-A
117,ITL1280-A
117,ITL1446-BP
117,ITL1396-A
117,ITL1397-A
117,ITL1398-A
117,ITL1399-A
117,ITL1400-A
117,ITL1545-A
117,ITL1280-A
117,ITL1446-BP
117,ITL1396-A
117,ITL1397-A
117,ITL1398-A
117,ITL1399-A
117,ITL1400-A
117,ITL1545-A
117,ITL1280-A
117,ITL1446-BP
118,ITL1501-BP
118,ITL1462-AP
118,S83137
118,ITL1438-AP
118,ITL1555-BP
118,ITL1501-BP
118,ITL1462-AP
118,S83137
118,ITL1438-AP
118,ITL1555-BP
118,ITL1501-BP
118,ITL1462-AP
118,S83137
118,ITL1438-AP
118,ITL1555-BP
119,ITL1409-A
119,ITL1410-A
119,ITL1411-A
119,ITL1412-B
119,B850070
119,ITL1466-B
119,ITL1467-AP
119,YD68-11-27
119,ITL1491-A
119,ITL1492-A
119,ITL1409-A
119,B850070
119,ITL1466-B
119,YD68-11-27
119,ITL1491-A
119,ITL1492-A
120,ITL1512-AP
120,ZX75-02-16
120,ITL1565-A
120,ZD45-12-16
120,ITL1587-A
120,ITL1529-AP
120,ITL1403-AP
120,ITL1512-AP
120,ZX75-02-16
120,ITL1565-A
120,ZD45-12-16
120,ITL1587-A
120,ITL1529-AP
120,ITL1403-AP
121,D7962
121,ITL1486-AP
121,ITL1341-AP
121,S73070
121,ITL1561-AP
121,ITL1573-A
121,D7962
121,ITL1486-AP
121,ITL1341-AP
121,S73070
121,ITL1561-AP
121,ITL1573-A
122,ITL1604-AP
122,ITL1541-AP
122,DAT255-B
122,ZM78-10-08
122,ITL1588-A
122,ITL1455-BP
122,ITL1604-AP
122,ITL1541-AP
122,DAT255-B
122,ZM78-10-08
122,ITL1588-A
122,ITL1455-BP
123,ITL1600-A
123,ITL1452-AP
123,ITL1009-AP
123,D7424
123,ITL1600-A
123,ITL1452-AP
123,ITL1009-AP
123,D7424
124,ITL1411-BP
124,ITL1569-C
124,ITL1464-BP
124,ITL1517-A
124,ZX74-03-31
124,ITL1411-BP
124,ITL1569-C
124,ITL1464-BP
124,ITL1517-A
124,ZX74-03-31
125,IAT324-B
125,IAT318-C
125,ITL1532-CP
125,ITL1167-AP
125,ITL1111-C
125,IAT324-B
125,IAT318-C
125,ITL1532-CP
125,ITL1167-AP
125,ITL1111-C
126,ITL1591-AP
126,ITL1172-AP
126,D7980
126,ITL1263-AP
126,B850028
126,ITL1228-B
126,ITL1591-AP
126,ITL1172-AP
126,D7980
126,ITL1263-AP
126,B850028
126,ITL1228-B
127,ITL1616-AP
127,ITL1365-B
127,ITL1417-AP
127,ITL1543-AP
127,ITL1405-AP
127,ZX73-09-09
127,ITL1616-AP
127,ITL1365-B
127,ITL1417-AP
127,ITL1543-AP
127,ITL1405-AP
127,ZX73-09-09
128,ITL1538-AP
128,ITL1639-AP
128,ITL1648-A
128,ITL1584-A
128,ITL1381-A
128,ITL1104-AP
128,YD68-12-07
128,ITL1538-AP
128,ITL1639-AP
128,ITL1648-A
128,ITL1584-A
128,ITL1381-A
128,ITL1104-AP
128,YD68-12-07
129,ITL1057-AP
129,ITL1016-AP
129,ITL1031-A
129,ITL1183-B
129,ITL1614-AP
129,ITL1057-AP
129,ITL1016-AP
129,ITL1031-A
129,ITL1183-B
129,ITL1614-AP
130,ITL1705-AP
130,B790084
130,ITL1705-AP
130,B790084
131,ITL1638-AP
131,S72366
131,ITL1588-C
131,S74113
131,ITL1620-A
131,ITL1098-B
131,ITL1662-AP
131,ITL1552-A
131,ITL1638-AP
131,S72366
131,ITL1588-C
131,S74113
131,ITL1620-A
131,ITL1098-B
131,ITL1662-AP
131,ITL1552-A
132,ITL1243-AP
132,ZM76-09-19
132,ITL1553-AP
132,ITL1301-BP
132,ITL1459-A
132,ITL1651-A
132,ITL1243-AP
132,ZM76-09-19
132,ITL1553-AP
132,ITL1301-BP
132,ITL1459-A
132,ITL1651-A
133,ITL1137-AP
133,ITL1668-AP
133,ITLE2-A
133,ITL1660-A
133,ITL1602-A
133,ITL1137-AP
133,ITL1668-AP
133,ITLE2-A
133,ITL1660-A
133,ITL1602-A
134,ITL1673-AP
134,ITL1672-A
134,ITL1688-A
134,ITL1507-AP
134,ITL1416-A
134,ITL1673-AP
134,ITL1672-A
134,ITL1688-A
134,ITL1507-AP
134,ITL1416-A
135,ITL1071-A
135,ITL1514-AP
135,ITL1675-A
135,ITL1584-BP
135,IAT262-B
135,S83155
135,ITL1071-A
135,ITL1514-AP
135,ITL1675-A
135,ITL1584-BP
135,IAT262-B
135,S83155
136,ITL1094-AP
136,ITL1378-AP
136,ITL1107-AP
136,ITL1566-AP
136,S81145
136,ITL1094-AP
136,ITL1378-AP
136,ITL1107-AP
136,ITL1566-AP
136,S81145
137,ITL1425-A
137,ITL1426-A
137,ITL1427-A
137,ITL1428-A
137,ITL1429-A
137,ITL1430-A
137,ITL1431-A
137,ITL1281-AP
137,S82097
137,ITL1425-A
137,ITL1426-A
137,ITL1427-A
137,ITL1428-A
137,ITL1429-A
137,ITL1430-A
137,ITL1431-A
137,ITL1281-AP
137,S82097
138,ITL1434-A
138,ITL1564-B
138,ITL1418-AP
138,ITL1631-AP
138,ITL1540-BP
138,ITL1386-A
138,D10018
138,ITL1434-A
138,ITL1564-B
138,ITL1418-AP
138,ITL1631-AP
138,ITL1540-BP
138,ITL1386-A
138,D10018
139,ITL1249-AP
139,ITL1471-AP
139,ITL1389-A
139,ITL1625-AP
139,ITL1251-AP
139,ITL1249-AP
139,ITL1471-AP
139,ITL1389-A
139,ITL1625-AP
139,ITL1251-AP
141,ITL1679-A
141,ITL1238-AP
141,ITL1327-AP
141,ITL1128-AP
141,ITL1200-A
141,ITL1679-A
141,ITL1238-AP
141,ITL1327-AP
141,ITL1128-AP
141,ITL1200-A
142,ITL1699-AP
142,ITL1693-A
142,ITL1401-BP
142,ITL1695-BP
142,ITL1691-B
142,ITL1699-AP
142,ITL1693-A
142,ITL1401-BP
142,ITL1695-BP
142,ITL1691-B
143,ITL1743-AP
143,ITL1739-AP
143,ITL1729-A
143,ITL1716-AP
143,ZM73-10-07
143,ITL1743-AP
143,ITL1739-AP
143,ITL1729-A
143,ITL1716-AP
143,ZM73-10-07
144,ITL1707-AP
144,ITL1730-D
144,ITL1719-A
144,ITL1738-AP
144,D9920
144,ITL1569-B
144,ITL1724-AP
144,ITL1707-AP
144,ITL1730-D
144,ITL1719-A
144,ITL1569-B
144,ITL1724-AP
144,D9920
145,ITL1754-C
145,ITL1750-AP
145,ITL1741-AP
145,ITL1721-AP
145,ITL1307-A
145,ITL1434-B
145,ITL1754-C
145,ITL1750-AP
145,ITL1741-AP
145,ITL1721-AP
145,ITL1307-A
145,ITL1434-B
146,ITL1456-AP
146,ITL1697-AP
146,IAT327-A
146,ITL1421-AP
146,FJM82045
146,DAT251-B
146,ITL1456-AP
146,ITL1697-AP
146,IAT327-A
146,ITL1421-AP
146,FJM82045
146,DAT251-B
147,ITL1682-B
147,ITL1753-BP
147,ITL1644-B
147,ITL1225-AP
147,S85197
147,ITL1745-C
147,ITL1682-B
147,ITL1753-BP
147,ITL1644-B
147,ITL1225-AP
147,S85197
147,ITL1745-C
148,ITL1758-A
148,ITL1759-C
148,ITL1760-A
148,ITL1489-AP
148,ITL1572-A
148,ITL1671-AP
148,ITL1766-C
148,ITL1758-A
148,ITL1759-C
148,ITL1760-A
148,ITL1489-AP
148,ITL1572-A
148,ITL1671-AP
148,ITL1766-C
149,ITL1739-D
149,ITL1764-A
149,ITL991-A
149,ITL1468-AP
149,ITL1714-AP
149,ITL1739-D
149,ITL1764-A
149,ITL991-A
149,ITL1468-AP
149,ITL1714-AP
150,ITL1718-A
150,ITL1749-A
150,ITL1499-A
150,ITL1666-B
150,ITL1761-A
150,B850030
150,ITL1760-BP
150,ITL1718-A
150,ITL1749-A
150,ITL1499-A
150,ITL1666-B
150,ITL1761-A
150,B850030
150,ITL1760-BP
151,ITL1775-A
151,ITL1747-AP
151,ITL971-A
151,ITL1775-I
151,ITL1769-AP
151,ITL1730-C
151,ITL1775-A
151,ITL1747-AP
151,ITL971-A
151,ITL1775-I
151,ITL1769-AP
151,ITL1730-C
152,ITL1705-B
152,ITL1706-AP
152,ITL1767-AP
152,ITL1759-B
152,ITL1755-A
152,ITL1637-A
152,ITL1705-B
152,ITL1706-AP
152,ITL1767-AP
152,ITL1767-AP
152,ITL1759-B
152,ITL1755-A
152,ITL1637-A
153,ITL1731-A
153,ITL1784-CP
153,ITL1605-A
153,ITL1756-A
153,ITL1703-B
153,ITL1772-B
153,ITL1720-B
153,ITL1731-A
153,ITL1784-CP
153,ITL1605-A
153,ITL1756-A
153,ITL1703-B
153,ITL1772-B
153,ITL1720-B
154,ITL1736-A
154,ITL1520-AP
154,ITL1401-A
154,ITL1633-A
154,ITL1782-A
154,ITL1783-D
154,ZX57-04-21
154,ITL1736-A
154,ITL1520-AP
154,ITL1401-A
154,ITL1633-A
154,ITL1782-A
154,ITL1783-D
154,ZX57-04-21
155,ITL1783-A
155,ITL1791-CP
155,ITL1695-AP
155,ITL1780-D
155,ITL1751-C
155,ITL1366-A
155,ITL1789-A
155,ITL1783-A
155,ITL1791-CP
155,ITL1695-AP
155,ITL1780-D
155,ITL1751-C
155,ITL1366-A
155,ITL1789-A
156,ITL1605-B
156,B850096
156,ITL1678-A
156,ITL1780-A
156,ITL1781-A
156,ITL1782-C
156,ITL1783-B
156,ITL1784-A
156,ITL1785-B
156,ITL1605-B
156,B850096
156,ITL1678-A
156,ITL1780-A
156,ITL1781-A
156,ITL1782-C
156,ITL1783-B
156,ITL1784-A
156,ITL1785-B
157,ITL1797-AP
157,ITL1786-C
157,ITL1787-A
157,ITL1788-A
157,ITL1789-B
157,ITL1790-A
157,ITL1791-A
157,ITL1384-B
157,ITL1797-AP
157,ITL1786-C
157,ITL1787-A
157,ITL1788-A
157,ITL1789-B
157,ITL1790-A
157,ITL1791-A
157,ITL1384-B
158,ITL1809-AP
158,ITL1794-C
158,ITL1794-A
158,ITL1602-B
158,ITL1802-AP
158,ITL1708-B
158,ITL1807-C
158,ITL1809-AP
158,ITL1794-C
158,ITL1794-A
158,ITL1602-B
158,ITL1802-AP
158,ITL1708-B
158,ITL1807-C
159,ITL1810-AP
159,ITL1012-AP
159,ITL1704-A
159,ITL1681-B
159,ITL1757-C
159,ITL1709-B
159,ITL1810-AP
159,ITL1012-AP
159,ITL1704-A
159,ITL1681-B
159,ITL1757-C
159,ITL1709-B
160,ITL1812-B
160,ITL1812-AP
160,ITL1813-C
160,ITL1817-AP
160,ITL1768-C
160,ITL1813-A
160,ITL1808-D
160,D10074
160,ITL1812-B
160,ITL1812-AP
160,ITL1813-C
160,ITL1817-AP
160,ITL1768-C
160,ITL1813-A
160,ITL1808-D
160,D10074
161,ITL1805-D
161,ITL1820-DP
161,ITL1814-C
161,ITL1631-C
161,ITL1798-C
161,ITL1301-A
161,ITL1805-D
161,ITL1820-DP
161,ITL1814-C
161,ITL1631-C
161,ITL1798-C
161,ITL1301-A
162,ITL1825-A
162,ITL1824-AP
162,ITL1786-AP
162,ITL1814-AP
162,ITL1788-DP
162,ITL1825-A
162,ITL1824-AP
162,ITL1786-AP
162,ITL1814-AP
162,ITL1788-DP
163,ITL1829-AP
163,ITL1827-AP
163,ITL1823-A
163,S82098
163,ITL1829-B
163,ITL1828-A
163,ITL1825-B
163,ITL1816-AP
163,D88212
163,ITL1829-AP
163,ITL1827-AP
163,ITL1823-A
163,S82098
163,ITL1829-B
163,ITL1828-A
163,ITL1825-B
163,ITL1816-AP
163,D88212
164,ITL1832-C
164,ITL1833-AP
164,ITL1818-C
164,ITL1431-B
164,ITL1833-C
164,ITL1575-A
164,ITL1831-D
164,ITL1793-B
164,ITL1832-C
164,ITL1833-AP
164,ITL1818-C
164,ITL1431-B
164,ITL1833-C
164,ITL1575-A
164,ITL1831-D
164,ITL1793-B
165,ITL1817-BP
165,ITL1834-AP
165,ITL1761-D
165,ITL1586-C
165,ITL1821-A
165,ITL1799-AP
165,ITL1817-BP
165,ITL1834-AP
165,ITL1761-D
165,ITL1586-C
165,ITL1821-A
165,ITL1799-AP
166,ITL1839-A
166,ITL1844-BP
166,ITL1837-C
166,ITL1841-B
166,B850040
166,ITL1842-A
166,ITL1839-A
166,ITL1844-BP
166,ITL1837-C
166,ITL1841-B
166,B850040
166,ITL1842-A
167,ITL1800-A
167,ITL1801-A
167,ITL1802-C
167,ITL1803-A
167,ITL1804-C
167,ITL1805-A
167,ITL1806-A
167,S84100
167,B790026
167,ITL1800-A
167,ITL1801-A
167,ITL1802-C
167,ITL1803-A
167,ITL1804-C
167,ITL1805-A
167,ITL1806-A
167,S84100
167,B790026
168,ITL1846-DP
168,B880175
168,ITL1846-AP
168,ITL1807-AP
168,ITL1846-DP
168,B880175
168,ITL1846-AP
168,ITL1807-AP
169,ITL1772-C
169,ITL1645-CP
169,ITL1848-C
169,ITL1692-A
169,ITL1853-C
169,ITL1848-B
169,ITL1772-C
169,ITL1645-CP
169,ITL1848-C
169,ITL1692-A
169,ITL1853-C
169,ITL1848-B
170,ITL1855-C
170,ITL1861-B
170,ITL1857-AP
170,ITL1862-AP
170,ITL1858-E
170,ITL1849-C
170,ITL1833-D
170,ITL1855-C
170,ITL1861-B
170,ITL1857-AP
170,ITL1862-AP
170,ITL1858-E
170,ITL1849-C
170,ITL1833-D
171,ITL1864-B
171,ITL1868-A
171,ITL1865-AP
171,S83085
171,ITL1865-BP
171,ITL1867-D
171,ITL1864-B
171,ITL1868-A
171,ITL1865-AP
171,S83085
171,ITL1865-BP
171,ITL1867-D
172,ITL584-AP
172,ITL614-A
172,ITL158-AP
172,Originaltitel:25JahreWaltDisneysLUSTIGESTASCHENBUCH
172,ITL726-A
172,ITL812-A
172,ITL400-AP
172,ITL692-C
172,ITL654-A
172,ITL584-AP
172,ITL614-A
172,ITL158-AP
172,Originaltitel:25JahreWaltDisneysLUSTIGESTASCHENBUCH
172,ITL726-A
172,ITL812-A
172,ITL400-AP
172,ITL692-C
172,ITL654-A
173,ITL1875-AP
173,ITL1872-B
173,ITL1863-AP
173,ITL1873-AP
173,ITL1843-BP
173,ITL1870-A
173,ZS39-11-26
173,ITL1875-AP
173,ITL1872-B
173,ITL1863-AP
173,ITL1873-AP
173,ITL1843-BP
173,ITL1870-A
173,ZS39-11-26
174,ITL1495-AP
174,ITL1877-AP
174,ITL1793-AP
174,ITL1866-C
174,ITL1872-AP
174,ZS39-10-22
174,ITL1495-AP
174,ITL1877-AP
174,ITL1793-AP
174,ITL1866-C
174,ITL1872-AP
174,ZS39-10-22
175,ITL1888-AP
175,ITL1889-AP
175,ITL1884-BP
175,ITL1890-AP
175,D9280
175,ITL1886-C
175,ITL1888-AP
175,ITL1889-AP
175,ITL1884-BP
175,ITL1890-AP
175,D9280
175,ITL1886-C
176,ITL1886-AP
176,ITL1884-A
176,ITL1795-AP
176,ITL1875-S
176,ITL1885-C
176,ITL1869-C
176,ITL1886-AP
176,ITL1884-A
176,ITL1795-AP
176,ITL1875-S
176,ITL1885-C
176,ITL1869-C
177,ITL1894-BP
177,ITL1896-CP
177,ITL1811-C
177,FJM90253
177,ITL1895-A
177,ITL1887-A
177,ITL1894-BP
177,ITL1896-CP
177,ITL1811-C
177,FJM90253
177,ITL1895-A
177,ITL1887-A
178,ITL1891-AP
178,D8236
178,ITL1910-A
178,ITL1897-C
178,ITL1909-E
178,ITL1891-AP
178,D8236
178,ITL1910-A
178,ITL1897-C
178,ITL1909-E
179,ITL1901-A
179,ITL1904-A
179,ITL1899-B
179,ITL1878-C
179,ITL1808-A
179,ITL1871-D
179,ITL1880-C
179,ITL1892-D
179,ITL1901-A
179,ITL1904-A
179,ITL1899-B
179,ITL1878-C
179,ITL1808-A
179,ITL1871-D
179,ITL1880-C
179,ITL1892-D
180,ITL1905-AP
180,ITL1857-CP
180,ITL1908-D
180,ITL1894-A
180,ITL1909-AP
180,ITL1904-HP
180,ITL1905-AP
180,ITL1857-CP
180,ITL1908-D
180,ITL1894-A
180,ITL1909-AP
180,ITL1904-HP
181,ITL1913-E
181,ITL1912-AP
181,ITL1913-A
181,ITL1911-E
181,ITL1910-B
181,B850015
181,ITL1911-AP
181,ITL1913-E
181,ITL1912-AP
181,ITL1913-A
181,ITL1911-E
181,ITL1910-B
181,B850015
181,ITL1911-AP
182,ITL1917-B
182,ITL1914-A
182,ITL1909-D
182,ITL1895-C
182,ITL1918-DP
182,ITL1915-AP
182,ITL1917-B
182,ITL1914-A
182,ITL1909-D
182,ITL1895-C
182,ITL1918-DP
182,ITL1915-AP
183,ITL1902-A
183,ITL1909-BP
183,ITL1799-B
183,ITL1916-C
183,ITL1915-B
183,ITL1917-AP
183,ITL1746-C
183,ITL1902-A
183,ITL1909-BP
183,ITL1799-B
183,ITL1916-C
183,ITL1915-B
183,ITL1917-AP
183,ITL1746-C
184,ITL1923-DP
184,ITL1920-CP
184,ITL1924-BP
184,ITL1923-B
184,ITL1918-B
184,ITL1735-B
184,ITL1923-DP
184,ITL1920-CP
184,ITL1924-BP
184,ITL1923-B
184,ITL1918-B
184,ITL1735-B
185,ITL1928-A
185,ITL1931-D
185,ITL1929-CP
185,ITL1927-AP
185,ITL1851-B
185,FJM91207
185,ITL1927-DP
185,ITL1928-A
185,ITL1931-D
185,ITL1929-CP
185,ITL1927-AP
185,ITL1851-B
185,FJM91207
185,ITL1927-DP
186,ITL1937-C
186,ITL1883-AP
186,ITL1934-DP
186,D91124
186,ITL1937-C
186,ITL1883-AP
186,ITL1934-DP
186,D91124
187,D92001
187,ITL1939-CP
187,ITL1938-AP
187,D92003
187,D92001
187,ITL1939-CP
187,ITL1938-AP
187,D92003
188,ITL1940-BP
188,ITL1942-DP
188,ITL1934-C
188,ITL1933-AP
188,ITL1931-C
188,ITL1931-A
188,ITL1940-BP
188,ITL1942-DP
188,ITL1934-C
188,ITL1933-AP
188,ITL1931-C
188,ITL1931-A
189,ITL1946-AP
189,ITL1945-AP
189,ITL1948-CP
189,ITL1944-CP
189,B850128
189,ITL1946-AP
189,ITL1945-AP
189,ITL1948-CP
189,ITL1944-CP
189,B850128
190,ITL1966-AP
190,ITL1967-AP
190,ITL1963-C
190,ITL1892-C
190,ITL1951-B
190,D92370
190,ITL1966-AP
190,ITL1967-AP
190,ITL1963-C
190,ITL1892-C
190,ITL1951-B
190,D92370
191,ITL1956-A
191,ITL1955-AP
191,ITL1959-D
191,ITL1959-AP
191,ITL1955-D
191,ITL1956-B
191,ITL1956-A
191,ITL1955-AP
191,ITL1959-D
191,ITL1959-AP
191,ITL1955-D
191,ITL1956-B
192,ITL1962-AP
192,ITL1963-A
192,ITL1960-AP
192,ITL1946-BP
192,S86187
192,D91226
192,ITL1962-AP
192,ITL1963-A
192,ITL1960-AP
192,ITL1946-BP
192,S86187
192,D91226
194,ITL1968-A
194,D91213
194,ITL1930-A
194,ITL1943-B
194,ITL1964-A
194,ITL1962-C
194,ITL1968-A
194,D91213
194,ITL1930-A
194,ITL1943-B
194,ITL1964-A
194,ITL1962-C
195,D90271
195,ITL1972-AP
195,ITL1952-A
195,ITL1970-EP
195,ITL1958-DP
195,D90271
195,ITL1972-AP
195,ITL1952-A
195,ITL1970-EP
195,ITL1958-DP
196,D93135
196,ITL1919-C
196,ITL1977-AP
196,ITL1970-A
196,ITL1972-C
196,ITL1954-A
196,ITL1976-D
196,D93135
196,ITL1919-C
196,ITL1977-AP
196,ITL1970-A
196,ITL1972-C
196,ITL1954-A
196,ITL1976-D
197,ITL1979-AP
197,D91265
197,ITL1974-AP
197,ITL1967-D
197,ITL1979-C
197,ITL1979-AP
197,D91265
197,ITL1974-AP
197,ITL1967-D
197,ITL1979-C
198,ITL1983-B
198,ITL1973-AP
198,ITL1972-D
198,ITL1957-D
198,ITL1983-B
198,ITL1973-AP
198,ITL1972-D
198,ITL1957-D
199,ITL1982-AP
199,ITL1981-AP
199,ITL1981-B
199,D92176
199,ITL1982-AP
199,ITL1981-AP
199,ITL1981-B
199,D92176
200,ITL1985-A
200,ITL1983-AP
200,ITL1989-AP
200,ITL1963-DP
200,ITL1977-CP
200,ITL1972-B
200,ITL1985-A
200,ITL1983-AP
200,ITL1989-AP
200,ITL1963-DP
200,ITL1977-CP
200,ITL1972-B
201,D93252
201,ITL1987-DP
201,ITL1996-B
201,D93616
201,ITL1828-B
201,ITL1990-A
201,D93252
201,ITL1987-DP
201,ITL1996-B
201,D93616
201,ITL1828-B
201,ITL1990-A
202,D93368
202,ITL1996-A+ITL1999-A
202,ITL1999-D
202,D92217
202,ITL1978-D
202,D93368
202,ITL1996-A+ITL1999-A
202,ITL1999-D
202,D92217
202,ITL1978-D
203,D93364
203,ITL1993-AP
203,ITL1967-E
203,D93364
203,ITL1993-AP
203,ITL1967-E
204,ITL2003-1
204,ITL1997-B
204,ITL2007-1
204,ITL2008-1
204,ITL2009-2
204,ITL1998-D
204,ITL2003-1
204,ITL1997-B
204,ITL2007-1
204,ITL2008-1
204,ITL2009-2
204,ITL1998-D
205,D92567
205,D92000
205,ITL2010-1
205,ITL2006-4
205,ITL1984-C
205,ITL2005-4
205,D92567
205,D92000
205,ITL2010-1
205,ITL2006-4
205,ITL1984-C
205,ITL2005-4
206,ITL2009-4
206,ITL2015-1
206,ITL1993-E
206,ITL1958-A
206,ITL1995-C
206,ITL2016-3
206,ITL2013-5
206,ITL2009-4
206,ITL2015-1
206,ITL1993-E
206,ITL1958-A
206,ITL1995-C
206,ITL2016-3
206,ITL2013-5
207,ITL1999-E
207,D93423
207,ITL2016-1
207,ITL1949-AP
207,ITL2018-5
207,D92228
207,ITL1999-E
207,D93423
207,ITL2016-1
207,ITL1949-AP
207,ITL2018-5
207,D92228
208,ITL2027-1
208,D91256
208,ITL2020-1P
208,D91393
208,ITL2004-1
208,ITL2027-1
208,D91256
208,ITL2020-1P
208,D91393
208,ITL2004-1
209,ITL2012-1
209,D91228
209,ITL2018-1
209,ITL1990-D
209,D93161
209,ITL2025-1
209,ISPM163-1
209,ITL2012-1
209,D91228
209,ITL2018-1
209,ITL1990-D
209,D93161
209,ITL2025-1
209,ISPM163-1
211,ITL2035-4
211,ITL1969-B
211,ITL2023-4
211,ITL2005-2
211,D90176
211,ITL2035-4
211,ITL1969-B
211,ITL2023-4
211,ITL2005-2
211,D90176
212,Originaltitel:DonaldDuckTheCrankyGiant
212,ITL2037-1
212,ITL2003-4
212,D92391
212,ITL2036-2
212,ITL2036-3
212,Originaltitel:DonaldDuckTheCrankyGiant
212,ITL2037-1
212,ITL2003-4
212,D92391
212,ITL2036-2
212,ITL2036-3
213,ITL2041-1
213,ITL2030-1
213,ITL1988-B
213,ITL2040-3
213,ITL2043-1
213,ITL2041-1
213,ITL2030-1
213,ITL1988-B
213,ITL2040-3
213,ITL2043-1
214,D90168
214,ITL1961-EP
214,ITL2048-2
214,ITL2048-1
214,D90168
214,ITL1961-EP
214,ITL2048-2
214,ITL2048-1
215,ITL2046-1
215,D92268
215,ITL2011-2
215,ITL2035-1
215,ITL2051-4
215,ITL2046-1
215,D92268
215,ITL2011-2
215,ITL2035-1
215,ITL2051-4
216,D93118
216,ITL1991-D
216,ITL2032-1
216,ITL2056-1
216,ITL2053-4
216,D93118
216,ITL1991-D
216,ITL2032-1
216,ITL2056-1
216,ITL2053-4
217,D92215
217,ITL2053-1
217,ITL2028-1
217,ITL2014-1
217,ITL2058-1
217,D92263
217,ITL2058-1
217,D92215
217,ITL2053-1
217,ITL2028-1
217,ITL2014-1
217,ITL2058-1
217,D92263
217,ITL2058-1
218,ITL2038-1
218,D92232
218,ITL2054-1
218,ITL2055-1
218,D91235
218,ITL2061-1
218,D92185
218,ITL2033-1
218,ITL2038-1
218,D92232
218,ITL2054-1
218,ITL2055-1
218,D91235
218,ITL2061-1
218,D92185
218,ITL2033-1
219,D92400
219,ITL2059-1
219,ITL2021-1
219,D94137
219,ITL2065-3
219,ITL2052-2
219,ITL2061-4
219,D92400
219,ITL2059-1
219,ITL2021-1
219,D94137
219,ITL2065-3
219,ITL2052-2
219,ITL2061-4
220,ITL2070-4
220,ITL2069-1
220,ITL2071-1
220,ITL2068-1
220,ITL2058-2
220,D95102
220,D90175
220,ITL2070-4
220,ITL2069-1
220,ITL2071-1
220,ITL2068-1
220,ITL2058-2
220,D95102
220,D90175
221,ITL2073-1
221,D95017
221,D92497
221,ITL2074-2
221,ITL2072-4
221,ITL2034-1
221,ITL2073-1
221,D95017
221,D92497
221,ITL2074-2
221,ITL2072-4
221,ITL2034-1
222,D95166
222,ITL2072-01
222,ITL2074-5
222,ITL2075-02
222,D94021
222,ITL2075-4
222,D92186
222,ITL2081-1P
222,D95166
222,ITL2072-01
222,ITL2074-5
222,ITL2075-02
222,D94021
222,ITL2075-4
222,D92186
222,ITL2081-1P
223,D95022
223,ITL2076-1
223,ITL2086-4
223,ITL1950-C
223,ITL2080-1
223,D93142
223,D95022
223,ITL2076-1
223,ITL2086-4
223,ITL1950-C
223,ITL2080-1
223,D93142
224,ITL2033-2
224,ITL2050-4
224,ITL2078-4
224,ITL2087-2
224,ITL2063-4
224,ITL2088-1
224,ITL2073-4
224,ITL2033-2
224,ITL2050-4
224,ITL2078-4
224,ITL2087-2
224,ITL2063-4
224,ITL2088-1
224,ITL2073-4
225,D95048
225,D95092
225,ITL2063-1
225,ITL2091-2
225,ITL2065-1
225,ITL2034-5
225,ITL2082-1
225,D95048
225,D95092
225,ITL2063-1
225,ITL2091-2
225,ITL2065-1
225,ITL2034-5
225,ITL2082-1
226,IPM170-1
226,ITL2088-3
226,ITL2093-1
226,ITL2086-1
226,IPM163-3
226,ITL2094-1
226,IPM170-1
226,ITL2088-3
226,ITL2093-1
226,ITL2086-1
226,IPM163-3
226,ITL2094-1
227,ITL2099-1
227,ITL2084-1
227,ITL2050-1
227,D95041
227,ITL2068-3
227,ITL2078-1
227,ITL2071-4
227,ITL2067-1
227,ITL2099-1
227,ITL2084-1
227,ITL2050-1
227,D95041
227,ITL2068-3
227,ITL2078-1
227,ITL2071-4
227,ITL2067-1
228,ITL2097-4
228,ITL2097-1
228,ITL2094-2
228,D95072
228,ITL2098-1
228,D92189
228,ITL2096-1
228,ITL2097-4
228,ITL2097-1
228,ITL2094-2
228,D95072
228,ITL2098-1
228,D92189
228,ITL2096-1
229,D92305
229,ITL2109-2
229,D96027
229,ITL2105-1
229,D96024
229,D93559
229,IPM163-5
229,D92305
229,ITL2109-2
229,D96027
229,ITL2105-1
229,D96024
229,D93559
229,IPM163-5
230,ITL2111-1
230,D95197
230,ITL2102-1
230,ITL2102-5
230,ITL2108-1
230,ITL2111-4
230,D95073
230,ITL2111-1
230,D95197
230,ITL2102-1
230,ITL2102-5
230,ITL2108-1
230,ITL2111-4
230,D95073
231,IPK28-1
231,ITL2115-1
231,ITL2110-1
231,ITL2060-2
231,D93271
231,D95071
231,ITL2116-4
231,IPK28-1
231,ITL2115-1
231,ITL2110-1
231,ITL2060-2
231,D93271
231,D95071
231,ITL2116-4
233,D95069
233,ITL2119-6
233,ITL2076-01
233,ITL2122-1
233,ITL2123-2
233,ITL2121-1
233,ITL2042-2
233,IPK18-1
233,D95069
233,ITL2119-6
233,ITL2076-01
233,ITL2122-1
233,ITL2123-2
233,ITL2121-1
233,ITL2042-2
233,IPK18-1
234,IPK31-1
234,ITM50-1
234,IPM195-2
234,ITL2128-4
234,ITL2075-01
234,D95128
234,ITL2122-5
234,ITL1918-C
234,ITL2129-3
234,IPK31-1
234,ITM50-1
234,IPM195-2
234,ITL2128-4
234,ITL2075-01
234,D95128
234,ITL2122-5
234,ITL1918-C
234,ITL2129-3
235,ITL2129-1
235,ITL2128-1
235,ITL2131-1
235,ITL2129-5
235,ITL2100-2
235,D96026
235,ITL2131-4
235,ITL2130-1
235,ITL2129-1
235,ITL2128-1
235,ITL2131-1
235,ITL2129-5
235,ITL2100-2
235,D96026
235,ITL2131-4
235,ITL2130-1
236,D96350
236,ITL2090-1
236,ITL2136-5
236,ITL2041-2
236,IPK33-2
236,D94098
236,ITL2123-1
236,D96350
236,ITL2090-1
236,ITL2136-5
236,ITL2041-2
236,IPK33-2
236,D94098
236,ITL2123-1
237,ISPM166-1
237,ITL2040-1
237,ITL2030-2
237,ITL2034-2
237,ITL2020-2
237,ISMG456-A
237,ISPM166-1
237,ITL2040-1
237,ITL2030-2
237,ITL2034-2
237,ITL2020-2
237,ISMG456-A
238,D95088
238,IPK30-1
238,ITL2140-1
238,ITL2136-3
238,ITL2067-2
238,ITL1971-C
238,ITL2135-1
238,ITL2125-3
238,D96277
238,D96069
238,D95088
238,IPK30-1
238,ITL2140-1
238,ITL2136-3
238,ITL2067-2
238,ITL1971-C
238,ITL2135-1
238,ITL2125-3
238,D96277
238,D96069
239,D95161
239,ITL2139-1
239,ITL1965-B
239,ITL2149-4
239,ITL2147-1
239,ITL2147-2
239,D95161
239,ITL2139-1
239,ITL1965-B
239,ITL2149-4
239,ITL2147-1
239,ITL2147-2
240,ITL2144-1
240,ITL2142-1
240,ITL2124-1
240,ITL1959-C
240,ITL2103-1
240,D96189
240,IPM146-2
240,D95210
240,ITL2144-1
240,ITL2142-1
240,ITL2124-1
240,ITL1959-C
240,ITL2103-1
240,D96189
240,IPM146-2
240,D95210
241,D95078
241,ITL2144-3
241,ITL2146-5
241,IPK31-3
241,ITL2127-4
241,ITL2150-4
242,ITL2154-3
242,ITL2154-4
242,ITL2152-4
242,ITL2155-4
242,D96188
242,ITL2117-4
242,D96117
243,D95056
243,ITL2161-4
243,ITL2156-3
243,ITL2159-1
243,D95208
244,D96278
244,ITL2157-1
244,ITL2151-4
244,ITL2148-1
244,IPK30-2
244,ITL2159-4
245,D96173
245,ITL2163-5
245,ITL2126-3
245,ITL2163-4
245,ITL2151-1
245,ITL2166-1
245,D96267
246,IPK40-1
246,ITL2171-1
246,IPM201-2
246,D96357
246,ITL2167-2
246,ITL2152-1
246,ITL2171-3
246,D95167
247,D97465
247,IPK41-1
247,ITL2167-1
247,ITL2168-1
247,ITL2013-6
247,ITL2124-8
247,ITL2123-4
247,D96131
248,D96336
248,ITL2177-1
248,IPK44-1
248,ITL2143-1
248,ITL2173-5
248,D97041
249,D96312
249,ITL2146-1
249,ITL2160-1
249,ITL2166-3
249,IPK45-3
249,ITL2113-3
249,ITL2172-1
249,D97104
250,D97011
250,D96169
250,ITL2186-1
250,IPK42-3
250,ITL2184-1
250,ITL2187-1
250,ITL2183-01
250,D96004
250,ITL2079-1
250,ITL2200-01
250,ITL2145-2
250,ITL2084-4
251,D97214
251,ITL2176-1
251,D97109
251,IPK42-1
251,IPM209-1
251,ITL2191-4
251,ITL2140-4
252,D97604
252,IPM207-1
252,ITL2190-2
252,IPK43-1
252,ITL2185-3
252,ITL2189-1
252,IPM204-1
252,D96370
252,ITL2187-01
253,D95114
253,ITL2195-1
253,ITL2160-4
253,IPM208-1
253,ITL2192-1
253,D97042
254,D96359
254,ISPM177-1
254,IPM191-1
254,D97108
254,IPK40-3
254,D95093
255,D97466
255,ITL2210-5
255,ITL2209-1
255,D97372
255,ITL2206-1
255,ITL2208-3
255,ITL2208-6
255,D95070
256,D97306
256,IPM172-2
256,ITL2190-4
256,D97333
256,ITL2204-1
256,ITL2193-1
256,D96439
256,IPM161-5
257,D97163
257,ITL2203-1
257,ITL2172-3
257,D94164
257,ITL2196-5
257,ISPM172-3
257,D97215
258,D97149
258,IPM206-1
258,D97509
258,ITL2182-1
258,ITL2219-5
258,ITL2078-2
258,D96127
259,D96257
259,ITL2203-2
259,ITL2220-2
259,D96252
259,ITL2216-4
259,IPK43-3
259,D96358
260,D96437
260,ITL2224-1
260,ITL2221-1
260,D97394
260,ITL2146-4
260,ITL2220-5
260,ITL2228-1
260,D97598
261,D98363
261,IPM207-2
261,ITL2225-2
261,ITL2226-5
261,ITL2228-2
261,ITL2167-4
261,ITL2231-2
261,D97556
262,D97337
262,IPM194-2
262,IPM209-2
262,D97371
262,ITL2190-3
262,IPM196-2
262,ITL2197-2
262,D97525
263,D97429
263,ITL2084-2
263,ITL2223-3
263,ITL2227-5
263,ITL2225-5
263,ITL2214-5
263,ITL2227-2
263,D96361
264,IPK44-2
264,D97428
264,D97573
264,D97302
264,ITL2224-3
264,IPK31-2
264,ITL2239-1
265,D97460
265,ITL2237-1
265,ITL2157-5
265,D98147
265,ITL2237-2
265,ITL2231-6
265,D97557
266,D98279
266,ITL2244-5
266,ITL2242-5
266,D98210
266,ITL2134-5
266,ITL2238-2
266,D96190
267,D98442
267,ITL2247-2
267,ITL2219-3
267,ITL2243-1
267,ITL2229-1
267,ITL2077-2
267,ITL2234-5
267,ITL2101-4
267,ITL2188-2
267,ITL2139-2
267,ITL2247-5
267,D97216
268,D98473
268,ITL2252-6
268,ITL2207-4
268,ITL2250-1
268,ITL2240-1
268,ITL1957-E
268,ITL2102-2
268,IPM203-1
268,ITL2250-5
268,ITL2255-6
268,ITL2249-5
268,ITL2254-2
268,D98046
269,D96241
269,ITL2256-6
269,ITL2215-2
269,ITL2214-1
269,ITL2232-1
269,ITL2258-6
269,D97626
270,D97303
270,ITL2257-2
270,ITL2178-1
270,ITL2237-4
270,IPM163-4
270,ITL2226-3
270,ITL2015-4
270,D96346
271,D96003
271,ITL2260-1
271,ITL2211-3
271,ITL2259-1
271,ITL2271-5
271,ITL2268-1
271,D97336
272,D98168
272,ITL2269-6
272,ITL2271-4
272,D98145
272,ITL2022-2
272,ITL2165-1
272,ITL2008-3
272,D96221
273,D97079
273,ITL2262-5
273,ITL2270-2
273,ITL2263-1
273,ITL2032-3
273,ITL2192-2
273,ITL2266-2
273,D98146
274,D99227
274,ITL2272-5
274,IPM208-2
274,ITL2265-6
274,ITL2273-2
274,ITL2277-02
274,ITL2273-6
274,ITL2280-2
274,D97063
275,D95200
275,ITL2275-2
275,D95068
275,ITL2268-6
275,ITL2063-3
275,D96005
275,ITL2277-1
276,D97572
276,ITL2108-4
276,ITL2233-4
276,D98291
276,ITL2000-D
276,ITL2075-1
276,D97629
277,D99161
277,ITL2281-1
277,D98171
277,ITL2086-3
277,ITL2204-3
277,ITL2234-2
277,D95164
278,D98002
278,ITL2102-4
278,D98133
278,ITL2284-2
278,ITL1876-C
278,D98139
278,D93408
279,D97178
279,ITL2285-5
279,ITL2299-2
279,D98425
279,D92190
279,ITL2282-2
279,ITL2294-7
279,ITL2218-2
279,ITL2211-4
279,D97603
280,D96258
280,ITL2303-1
280,ITL2297-3
280,D99032
280,ITL2304-1
280,ITL2198-2
280,ITL2221-4
280,ITL2189-5
280,D96299
281,D99248
281,ITL2169-2
281,ITL2305-2
281,D98462
281,ITL2311-4
281,D97145
281,D97243
281,ITL2177-3
281,D96392
282,D97131
282,ITL2274-2
282,ITL2295-1
282,ITL2079-2
282,D99095
282,Originaltitel:100JahreWaltDisney
282,ITL2306-2
282,ITL2217-5
282,D99011
283,D96184
283,ITL2307-2
283,D92179
283,ITL2239-3
283,D98387
283,Originaltitel:100JahreWaltDisney
283,ITL2316-6
283,ITL2323-4
283,D97627
283,ITL2318-5
284,Originaltitel:100JahreCarlBarks-DerWegnachEntenhausen
284,D96112
284,ITL2314-2
284,ITL2235-5
284,D99012
284,ITL2266-5
284,D92245
284,ITL2314-5
284,ITL2051-1
284,D99082
285,Originaltitel:100JahreCarlBarks-DasbekanntesteGebudeEntenhausens
285,D97555
285,ITL2328-2
285,ITL2329-3
285,ITL2258-2
285,D98200
285,ITL2310-4
285,ITL2322-1
285,ITL2332-1
285,D98294
286,Originaltitel:100JahreCarlBarks-Selbstbildnisse
286,D98353
286,ITL2152-2
286,ITL2315-6
286,ITL2304-4
286,D99199
286,ITL2173-1
286,ITL2251-2
286,ITL2303-5
286,D98396
287,D2000-043
287,ITL2331-4
287,ITL2327-3
287,D99175
287,ITL2265-2
287,ITL2241-4
287,D96021
287,ITL2338-1
288,D99130
288,ITL2333-1
288,ITL2338-2
288,ITL2144-2
288,ITL2302-2
288,ITL2325-5
288,ITL2331-3
288,ITL2329-6
288,ITL2331-01
288,ITL2328-1
289,D98318
289,ITL2322-5
289,ITL2340-1
289,ITL2340-4
289,D98438
289,Originaltitel:100JahreWaltDisney
289,ITL2312-1
289,ITL2293-4
289,ITL2303-02
289,D96109
290,D2000-060
290,ITL2341-6
290,ITL2295-02
290,ITL2280-6
290,ITL2339-4
290,D99061
290,Originaltitel:100JahreWaltDisney
290,ITL2344-5
290,ITL2329-4
290,ITL2330-3
290,ITL2335-01
290,D98336
291,D99195
291,ITL2332-5
291,ITL2346-1
291,D97486
291,D98131
291,ITL2341-5
291,ITL2286-2
291,ITL2325-6
292,D96259
292,ITL2354-4
292,D99097
292,ITL2357-1
292,ITL2351-4
292,ITL2355-5
292,ITL2347-4
292,D98262
293,D99287
293,ITL2310-2
293,D99278
293,ITL2315-4
293,ITL2334-5
293,ITL2352-5
293,IPK87-2
293,ITL2353-3
293,D98003
294,D99129
294,ITL2351-1
294,ITL2168-3
294,D99233
294,ITL2338-4
294,ITL2366-1
294,ITL2160-2
294,ITL2309-02
294,D98058
295,D2000-039
295,ITL2364-4
295,IPM249-1
295,D2000-113
295,ITL2321-3
295,ITL2343-4
295,IPK91-2
295,ITL2307-02
295,D99070
296,D2000-106
296,ITL2362-4
296,ITL2375-5
296,D2000-100
296,ITL2370-1
296,ITL2364-1
296,ITL2369-3
296,D99165
297,D2000-037
297,D2000-015
297,ITL2374-1
297,ITL2354-5
297,ITL2370-2
297,ITL2364-01
297,ITL2367-5
297,ITL2363-2
297,D99212
298,D2001-113
298,ITL1919-E
298,D2001-031
298,ITL2371-2
298,ITL2375-1
298,ITL2353-4
298,ITL2324-1
298,ITL2325-3
298,D98428
299,D99256
299,ITL1757-A
299,ITL2391-5
299,D98129
299,ITL1109-B
299,ITL2334-7
299,D99294
300,ITL2289-6
300,ITL2337-5
300,ITL2363-6
300,ITL2326-6
300,ITL2322-4
300,ITL2309-6
300,ITL2112-3
300,IPK90-1
300,ITL2282-5
300,ITL2373-2
300,ITL1719-C
301,D99315
301,ITL2403-5
301,ITL2359-6
301,ITL2334-1
301,D97047
301,ITL2381-1
301,ITL2404-5
301,ITL2318-04
301,D98172
302,D97010
302,ITL2391-6
302,D2000-072
302,ITL2371-03
302,ITL2388-4
302,ITL2389-5
302,ITL2388-6
302,ITL2396-6
302,ITL2369-1
302,ITL2367-02
302,D98417
303,D2000-101
303,ITL2397-3
303,ITL167-A
303,ITL2383-1
303,ITL2338-3
303,ITL2408-6
303,ITL2409-1
303,ITL2343-5
303,D98140
304,D99177
304,ITL2385-2
304,D2000-085
304,ITL2401-5
304,ITL2371-4
304,ITL2390-1
304,ITL2383-6
304,ITL2396-3
304,D99271
305,D2000-083
305,ITL2410-5
305,D2000-128
305,ITL2363-02
305,ITL2412-2
305,ITL2415-5
305,ITL2313-04
305,ITL2404-1
305,ITL2405-6
305,D2000-132
306,D99047
306,ITL2386-2
306,ITL2403-1
306,ITL2401-1
306,ITL2359-4
306,IPK88-1
306,ITL2425-03
306,ITL2262-4
306,ITL2415-1
306,D99318
307,D98281
307,ITL2425-2
307,ITL2364-02
307,D98268
307,ITL2416-2
307,ITL2422-4
307,ITL1982-C
307,ITL2410-2
307,ITL2423-4
307,ITL2410-03
307,D98458
308,D99272
308,ITL2425-5
308,ITL2419-2
308,ITL2360-1
308,ITL2398-2
308,ITL2420-6
308,ITL2389-1
308,D99215
309,D2001-124
309,D2000-162
309,ITL2366-02
309,ITL2418-3
309,ITL2345-5
309,ITL2311-02
309,ITL988-C
309,ITL2402-5
309,ITL2422-03
309,ITL2417-3
309,ITL2421-6
309,ITL2411-6
310,D98246
310,ITL2161-1
310,ITL2433-5
310,D98459
310,ITL2417-01
310,ITL2413-1
310,ITL2409-6
310,ITL386-C
310,ITL2310-02
310,D98362
311,D2002-114
311,ITL2427-2
311,D2001-032
311,ITL2431-1
311,ITL2429-5
311,ITL2399-2
311,ITL2428-3
311,ITL2433-4
311,ITL2430-6
311,ITL2433-2
312,D2001-009
312,ITL2412-3
312,ITL2430-2
312,ITL2384-6
312,ITL2442-01
312,D2000-209
312,ITL2434-1
312,ITL2444-01
312,ITL2358-6
312,D2000-077
313,D2002-150
313,ITL2422-6
313,ITL2415-01
313,D2000-163
313,ITL2362-2
313,ITL2318-6
313,ITL2194-3
313,ITL2349-5
313,ITL2431-5
313,ITL2430-5
313,ITL2446-01
313,ITL2420-5
314,D2002-081
314,ITL2396-1
314,D2000-159
314,ITL2140-3
314,ITL2438-6
314,ITL2198-1
314,ITL2440-5
314,ITL2434-01
314,D99093
315,D2000-063
315,ITL2444-1
315,ITL2442-3
315,ITL2449-2
315,ITL2367-01
315,ITL2445-2
315,ITL2427-03
315,ITL2444-6
315,ITL2444-2
315,ITL2446-6
315,ITL2450-1
315,ITL2460-02
315,D2002-070
316,D2002-137
316,D2002-181
316,ITL2459-1
316,ITL2439-2
316,ITL2456-4
316,ITL2455-6
316,ITL2424-2
316,D99234
317,D2002-059
317,ITL2423-1
317,ITL2477-1
317,ITL2442-5
317,ITL2419-3
317,ITL2373-4
317,ITL2459-5
317,ITL2292-4
317,ITL2443-1
317,ITL2452-5
318,D2003-015
318,ITL2418-03
318,ITL2426-1
318,IPM252-1
318,ITL2371-01
318,ITL2437-2
318,ITL2307-1
318,ITL2460-2
318,ITL2286-02
318,ITL2448-1
318,D99054
319,D2003-001
319,ITL2439-1
319,ITL2365-02
319,D98418
319,ITL2370-01
319,IPM262-1
319,ITL2451-2
319,ITL2451-1
319,ITL2428-4
319,ITL2465-2
319,D2002-139
320,D2001-138
320,D2001-148
320,ITL2437-4
320,ITL2452-6
320,IPK109-1
320,ITL2462-1
320,ITL2447-2
320,ITL2455-1
320,ITL2304-02
320,D2000-088
321,D2003-014
321,D2002-225
321,IPM253-1
321,ITL2469-1
321,ITL2369-03
321,ITL2478-5
321,ITL2471-6
321,ITL2312-04
321,ITL2467-1
321,ITL2303-4
321,D98355
322,D2003-018
322,D2001-110
322,ITL2478-03
322,ITL2427-5
322,ITL2413-4
322,IPK116-1
322,ITL2471-5
322,ITL2369-01
322,IPM264-1
322,ITL2471-1
322,ITL2441-2
322,D2002-073
323,D/D2001-006
323,ITL2376-5
323,D2002-149
323,ITL2464-2
323,ITL2491-1
323,ITL2470-2
323,ITL2467-6
323,ITL2412-6
323,D98395
324,D2001-123
324,D2002-049
324,ITL2311-04
324,ITL2479-6
324,ITL2468-2
324,ITL2477-03
324,ITL2482-5
324,IPK112-1
324,ITL2368-4
324,ITL2479-2
324,ITL2488-02
324,D2001-168
325,D2003-243
325,D2002-108
325,ITL2484-4
325,IPK114-1
325,ITL2482-1
325,ITL2483-5
325,ITL2480-1
325,ITL2483-4
325,D2001-147
326,D2003-287
326,ITL2445-01
326,D2001-128
326,IPM267-1
326,ITL2475-2
326,ITL2329-5
326,ITL2436-5
326,ITL2468-01
326,IPK113-1
326,ITL2381-5
326,ITL2468-3
326,D2003-094
327,D2003-153
327,ITL2461-5
327,ITL2440-3
327,ITL2462-2
327,ITL2501-6
327,ITL2435-2
327,ITL2477-2
327,ITL2488-5
327,ITL2390-4
327,ITL2480-2
327,ITL2468-03
327,ITL2380-6
327,ITL2484-3
327,D2002-212
328,D2004-038
328,ITL2414-5AP
328,ITL2500-01
328,D2003-082
328,ITL2489-6
328,ITL2488-3
328,IPK110-1
328,ITL2498-03
328,D2003-080
328,ITL2490-1
328,ITL2506-03
328,D2002-050
329,D2003-222
329,D2001-047
329,ITL2492-5
329,ITL2492-3
329,ITL2496-6
329,IPK104-1
329,ITL2492-6
329,ITL2495-1
329,D2003-160
330,D2002-002
330,D2002-174
330,ITL2380-4
330,ITL2497-1
330,ITL2344-2
330,ITL2498-1
330,ITL2500-6
330,ITL2495-4
330,ITL2499-1
330,ITL2501-3
330,ITL2502-6
331,D2003-020
331,D/D2003-029
331,ITL2491-5
331,ITL2505-1
331,ITL2493-1
331,ITL2508-6
331,ITL2508-3
331,ITL2482-6
331,D2003-109
332,D99172
332,ITL2512-1
332,ITL2495-5
332,ITL2494-2
332,ITL2507-2
332,ITL2488-2
332,IPK98-1
332,ITL2506-2
332,ITL2506-6
332,ITL2512-5
333,ITL2353-1
333,D2003-091
333,IPM288-1
333,ITL2515-5
333,D2001-141
333,ITL2333-4
333,IPK121-1
333,ITL2517-4
333,ITL135-A
333,ITL2458-4
333,ITL2514-6
333,D2000-193
334,ITL2526-1
334,D2003-170
334,ITL2516-5
334,ITL2516-6
334,IPK36-2
334,ITL2454-6
334,ITL2508-1
334,ITL2502-5
334,D2002-044
335,Originaltitel:UncleScroogeWhaleForHire
335,ITL2533-2
335,D2003-319
335,ITL2468-4
335,IPM276-1
335,ITL2529-7
335,ITL2522-03
335,IPK123-1
335,ITL2517-3
335,ITL2488-6
335,D2004-008
336,D99031
336,ITL2350-4
336,D2003-152
336,ITL2520-3
336,ITL2487-1
336,IPK29-3
336,ITL2510-6
336,ITL2365-03
336,ITL2520-1
336,D2002-210
337,D2003-223
337,ITL2548-3
337,ITL2516-3
337,D2003-242
337,ITL2519-01
337,ITL2529-2
337,ITL948-AP
337,ITL2528-4
337,ITL2486-5
337,D2000-086
338,D2004-229
338,ITL2523-2
338,ITL2524-7
338,ITL2530-2
338,DE2002-001
338,IPK120-1
338,ITL2522-7
338,ITL2530-6
338,ITL2519-4
338,D2004-125
339,D2003-288
339,D2003-083
339,ITL2486-4
339,ITL2518-1
339,ITL2513-7
339,ITL2527-3
339,ITL2528-2
339,D2003-023
339,ITL2414-1
339,ITL2504-1
340,D/D2003-017
340,ITL2537-7
340,D2000-210
340,ITL2538-6
340,ITL2536-1
340,ITL2538-7
340,ITL2505-2
340,ITL2523-7
340,ITL2531-1
341,D2004-074
341,ITL608-B
341,D2003-101
341,ITL2527-2
341,IPK40-2
341,ITL2542-7
341,ITL2541-6
341,ITL2540-1
341,D2003-161
342,D2004-027
342,ITL2538-1
342,ITL2534-2
342,D2004-291
342,ITL2543-7
342,ITL2535-2
342,ITL2504-5
342,ITL2525-1
342,IPK33-1
343,D2004-030
343,ITL2548-1
343,D2005-016
343,ITL2532-5
343,D2004-054
343,""
343,ITL2534-3
343,""
343,ISPK39-1
343,ITL2524-01
343,ITL2521-6
343,""
343,ITL2518-4
343,ITL2540-7
344,D2004-094
344,ITL2552-5
344,ITL2523-1
344,ITL2552-7
344,ITL2547-2
344,ITL2534-4
344,IPK28-2
344,ITL2557-2
344,ITL2468-02
344,D2002-129
345,D2004-226
345,ITL2565-2
345,D2004-063
345,ITL2526-02
345,ITL2519-5
345,IPK46-3
345,ITL2555-6
345,ITL2564-1
345,ITL2503-3
345,IAT223-A
346,D2003-176
346,ITL2565-1
346,ITL2562-4
346,ITL2550-2
346,ITL2559-7
346,ITL2553-4
346,ITL2554-6
346,ITL2528-7
346,ITL2558-2
346,ITL2563-2
346,ITL2525-5
346,D2003-102
347,D2005-179
347,ITL2572-1
347,ITL2549-7
347,D2002-003
347,ITL2541-4
347,ITL2551-1
347,ITL2571-1
347,D2003-291
348,D2003-325
348,D2002-251
348,ITL2446-5
348,IPK47-1
348,ITL2558-3
348,ITL2577-2
348,ITL2576-6
348,ITL2584-01
348,ITL2576-7
348,D2004-002
348,ITL2584-7
349,D2004-223
349,ITL2535-1
349,ITL2555-2
349,ITL2535-5
349,ISPK59-1
349,ITL2563-5
349,ITL2544-7
349,D99204
350,D2005-108
350,D2000-147
350,ITL2565-3
350,ITL2569-6
350,IPK51-2
350,ITL2546-6
350,ITL2520-6
350,ITL2576-1
350,ITL2574-2
350,D2004-028
351,D2005-187
351,ITL2395-6
351,D2004-148
351,ITL2581-1
351,ITL2549-4
351,ITL2400-1
351,ITL2538-4
351,ITL2581-7
351,D2003-126
352,D2006-001
352,D2004-339
352,D2004-257
352,ITL2600-1
352,ITL2539-1
352,IPK49-3
352,ITL2546-5
352,ITL2557-6
352,D2004-337
353,D2005-345
353,D2004-154
353,IPK53-1
353,ITL2581-5
353,ITL2590-6
353,ITL2588-6
353,ITL2587-6
353,D/D2002-021
354,D2004-276
354,ITL2558-1
354,IPK56-2
354,ITL2550-3
354,ITL2607-7
354,ITL2585-7
354,ITL759-B
354,ITL2587-1
354,D2002-072
355,D2004-135
355,D2003-224
355,ITL2586-7
355,ITL330-A
355,IPK54-2
355,ITL2607-1
355,IPM283-1
355,ITL2547-6
355,ITL2590-7
355,D2003-040
356,D2005-066
356,ITL2592-4
356,ITL2593-1
356,ITL2599-6
356,ITL2556-2
356,ITL2581-4
356,ITL2597-7
356,ITL2587-7
356,ITL2595-4
356,D2005-124
357,D2004-160
357,ITL2634-1
357,ITL2599-2
357,D2004-303
357,ITL2578-4
357,ITL2563-6
357,ITL2602-1
357,D2004-238
358,D2005-234
358,D2004-281
358,ITL2549-2
358,ITL2602-7
358,ITL2596-1
358,ITL2544-5
358,ITL2600-2
358,ITL2592-7
358,ITL2524-6
358,D2003-298
359,D2006-111
359,D2001-087
359,ITL2597-2
359,ITL2522-3
359,ITL2536-6
359,ITL2589-1
359,ITL2589-5
359,ITL2555-7
359,ITL2558-03
359,ITL2598-2
359,D2005-262
360,D2006-122
360,ITL2597-1
360,ITL2608-7
360,ITL987-C
360,IPK46-1
360,ITL2615-7
360,ITL2604-2
360,ITL2605-1
360,D/D2000-009
361,D2005-122
361,D2001-114
361,ITL2596-6
361,IPK53-2
361,ITL2606-7
361,ITL2611-3
361,ITL2575-2
361,ITL2518-5
361,D2003-175
362,D2004-358
362,ITL2560-1
362,ITL2560-5
362,ITL2617-1
362,ITL2494-01
362,ITL2579-2
362,ITL2616-5
362,ITL2618-1
362,ITL2616-1
362,ITL2617-3
362,D2002-208
363,D2006-169
363,ITL2621-6
363,ITL2573-7
363,D2003-188
363,ITL2366-03
363,ITL2543-6
363,ITL683-A
363,ITL2558-4
363,ITL2603-6
363,D2003-085
364,D2005-216
364,ITL954-C
364,ITL2628-1
364,ITL2624-1
364,ITL2367-04
364,ITL2591-1
364,ITL2619-2
364,D2004-033
364,ITL2625-1
364,D2004-070
365,D2006-012
365,ITL2556-1
365,IPK57-2
365,ITL2492-01
365,ITL216-AP
365,ITL1012-B
365,ITL2588-4
365,D2004-157
366,D2006-316
366,D2001-048
366,ITL2605-5
366,ITL2632-6
366,ITL2633-1
366,ITL2594-7
366,ITL2593-5
366,ITL2662-02
366,ITL2594-3
366,ITL997-A
367,D2004-353
367,ITL2629-6
367,ITL2619-1
367,ITL2639-1
367,ITL2642-6
367,ITL2635-7
367,ITL2599-7
367,D2004-150
367,ITL2676-01
367,ITL2537-2
367,ITL1002-A
368,D2007-027
368,D2005-229
368,ITL2606-2
368,ITL2631-6
368,IPK56-1
368,ITL2635-6
368,D2004-149
368,ITL1070-A
369,D2006-348
369,ITL2591-7
369,ITL2369-02
369,ITL2637-3
369,ITL1029-AP
369,D2004-003
369,ITL2652-02
369,ITL2644-2
369,ITL2645-6
369,ITL352-A
369,ITL2475-01
369,ITL2518-2
369,ITL2622-7
370,D2005-175
370,ITL2642-1
370,IPM316-1
370,IPKC17-1
370,ITL2648-5
370,ITL2647-4
370,D2004-335
370,ITL2642-2
370,ITL2582-5
370,ITL327-B
371,D2007-062
371,ITL2652-1
371,D2003-120
371,ITL2653-2
371,ITL2653-1
371,ITL2654-5
371,ITL2637-6
371,ITL2614-1
371,ITL376-A
372,D2007-100
372,ITL2648-1
372,ITL2555-4
372,ITL622-B
372,IPK87-1
372,IPM315-1
372,ITL2640-6
372,ITL2653-5
372,ITL2658-2
372,D2006-118
373,D2005-255
373,D2003-207
373,ITL2568-3
373,IPKC12
373,ITL1091-A
373,IPM314-1
373,ITL2579-5
373,IPM313-1
373,ITL2498-3
373,D2006-006
373,ITL2489-03
373,ITL2232-4
374,D2005-099
374,ITL2667-1
374,ITL2664-6
374,D2003-202
374,ITL2665-5
374,ITL2629-3
374,ITL2664-5
374,ITL2636-5
374,ITL2664-4
374,ITL1084-A
375,D2006-233
375,D2004-278
375,ITL2455-4
375,D2005-093
375,ITL2655-5
375,ITL2621-1
375,ITL2661-4
375,ITL2669-1
375,ITL2646-3
375,ITL2316-04
375,ITL2669-6
376,D2006-227
376,ITL2686-1
376,ITL2522-5
376,D2007-264
376,ITL2675-1
376,ITL2609-1
376,ITL2678-5
376,ITL2668-6
376,ITL558-A
377,D2007-354
377,ITL161-B
377,ITL2570-2
377,D/D2004-015
377,IPK64-1
377,ITL2607-2
377,ITL2676-1
377,ITL2666-2
377,ITL2638-1
378,D2006-005
378,ITL2636-6
378,ITL2651-1
378,ITL2649-1
378,D2004-284
378,ITL2699-01
378,ITL2685-2
378,ITL2528-1
378,ITL2677-2
378,ITL2692-02
378,ITL490-C
379,D2007-341
379,D2004-191
379,ITL2681-2
379,IPKC14
379,ITL2686-2
379,ITL2646-2
379,ITL2678-1
379,ITL2666-1
379,ITL363-A
380,D2007-206
380,ITL2659-1
380,IPK25-1
380,ITL2654-6
380,D/D2004-043
380,ITL2597-5
380,D2005-109
380,ITL2667-2
380,ITL533-A
381,D2007-335
381,ITL2670-1
381,D2005-168
381,ITL2680-01
381,ITL2684-5
381,ITL2627-7
381,ITL2687-5
381,ITL2684-1
381,ITL2694-01
381,D2004-144
381,ITL454-A
382,D2007-362
382,ITL2684-01
382,D2003-105
382,ITL2570-4
382,ITL2664-2
382,ITL2669-5
382,ITL2734-1
382,ITL2603-5
382,ITL2657-6
382,ITL2648-3
382,IPK24-3
383,D2006-376
383,IAT142-B
383,ITL2630-6
383,IPKC20-1
383,ITL2704-1
383,ITL2627-4
383,ITL2687-1
383,ITL2659-3
383,D2006-275
384,ITL2717-1
384,D2005-002
384,ITL2688-4
384,ITL2735-1
384,ITL2674-6
384,ITL2663-2
384,D/D2004-044
384,IPK21-1
385,D2006-332
385,ITL2736-2
385,D2005-048
385,ITL2709-3
385,ITL2711-1
385,IPK24-1
385,ITL2529-5
385,D2005-177
385,ITL355-B
386,D2005-217
386,ITL2673-2
386,ITL2689-5
386,ITL2577-1
386,ITL2737-3
386,ITL2690-1
386,ITL2750-3
386,IPK68-1
387,D2005-135
387,ITL2758-1
387,ITL2682-2
387,ITL2759-2
387,ITL2738-1
387,ITL2760-1
387,IPK125-1
387,ITL2757-02
387,ITL337-B
388,D2006-303
388,D2006-173
388,IPK61-1
388,ITL2638-2
388,ITL2685-5
388,ITL2700-6
388,D2005-336
388,ITL166-B
389,D2006-248
389,D2008-208
389,ITL2703-1
389,ITL2571-2
389,ITL2660-5
389,ITL2615-6
389,ITL2707-1
389,ITL2713-1
389,ITL531-A
390,D2008-407
390,D/D2001-008
390,ITL289-B
390,IPK38-2
390,D2004-235
390,ITL2709-5
390,ITL1173-B
390,D2007-068
390,ITL158-B
391,D2007-419
391,ITL2496-5
391,ITL2591-5
391,IPK62-3
391,ITL2691-2
391,ITL2746-5
391,ITL2699-1
391,ITL2574-7
391,ITL2695-6
391,ITL501-A
391,D2009-046
391,D2003-014
392,ITL2708-1
392,ITL2690-2
392,D2004-244
392,IPK66-1
392,ITL2747-2
392,ITL538-A
392,ITL2748-2
392,ITL2641-3
392,D2005-307
393,D2007-144
393,ITL2712-2
393,ITL2701-6
393,IPKC11-1
393,ITL2288-1
393,D2005-228
393,ITL2720-6
393,ITL378-A
394,D2006-127
394,ITL2722-4
394,D2005-083
394,ITL2767-1
394,IPK105
394,ITL2689-2
394,ITL2510-03
394,ITL2719-5
394,ITL2698-5
394,ITL494-A
395,D2005-278
395,ITL2706-4
395,IPM138-4
395,ITL2662-6
395,ITL493-A
395,ITL2723-1
395,ITL2548-7
395,D2005-074
395,ITL2661-3
396,ITL559-C
396,D2005-261
396,ITL2604-1
396,ITL2720-5
396,ITL2784-2
396,ITL2652-5
396,IPKC15-1
396,D2004-107
396,D2005-164
397,ITL2514-5
397,ITL2481-2
397,ITL2691-5
397,D2005-167
397,ITL2713-2
397,ITL2770-6
397,IPK78-3
397,ITL2666-5
397,ITL2510-7
397,D2005-079
398,IPK65-1
398,ITL2499-4
398,D2007-114
398,ITL2630-1
398,ITL2721-5
398,ITL2709-6
398,ITL2582-1
398,D2006-387
399,ITL347-A
399,ITL2713-5
399,ITL2537-5
399,ITL2554-1
399,D2006-269
399,IPK80-1
399,ITL2622-3
399,D2005-314
399,ITL2694-1
400,ITL2803-2
400,ITL2626-2
400,ITL2786-2
400,D2006-321
400,IPK76-1
400,ITL2695-1
400,ITL1124-A
400,D2006-337
401,D2006-362
401,ITL2612-1
401,ITL2790-3
401,D2004-357
401,ITL2697-1
401,ITL2776-4
401,IPK61-2
401,D2006-077
402,D2006-103
402,ITL2779-5
402,ITL2724-1
402,ITL2699-2
402,ITL2536-5
402,ITL2677-5
402,ITL2797-1
402,D2005-132
402,D2008-211
403,I-D2009-001
403,IPK122-1
403,ITL2701-1
403,D2005-068
403,ITL2292-2
403,ITL2798-1
403,ITL2588-1
403,D2009-234
404,ITL403-B
404,ITL2782-1
404,ITL2703-2
404,ITL2759-1
404,ITL2346-2
404,ITL2799-3
404,ITL2753-2
404,ITL2335-3
404,D2007-378
405,D2006-104
405,ITL2696-1
405,ITL2705-3
405,ITL2787-2
405,ITL2622-6
405,ITL2800-1
405,ITL2743-1
405,ITL2696-4
405,D2007-153
406,D2009-230
406,D2009-231
406,I/D2010-005
406,ITL2810-2
406,ITL2707-2
406,ITL2715-6
406,ITL2703-4
406,ITL2709-1
406,ITL2744-2
407,D2009-142
407,ITL2816-2
407,D2004-053
407,ITL2808-1
407,ITL2709-2
407,ITL2778-5
407,ITL2807-4
407,ITL2656-3
407,D2008-115
408,ITL2829-2
408,ITL2764-1
408,D2007-431
408,ITL2710-1
408,ITL2803-3
408,ITL2789-4
408,ITL2790-1
408,ITL2368-6
408,D2006-146
409,D2007-296
409,ITL2810-1
409,ITL2806-1
409,ITL2778-3
409,ITL2605-6
409,ITL2771-4
409,ITL2813-5
409,ITL2815-3
409,D2006-187
410,D2009-193
410,ITL2505-5
410,IPKC21-1
410,ITL2771-2
410,ITL2721-4
410,ITL2662-4
410,D2007-432
410,ITL2770-4
410,ITL2811-5
410,ITL2828-1
411,D2006-382
411,ITL2728-2
411,ITL2841-1
411,ITL2612-2
411,ITL2825-3
411,ITL2768-4
411,ITL2832-2
411,D2006-297
411,ITL2830-1
411,ITL2770-5
412,D2010-103
412,D2008-218
412,ITL2799-5
412,ITL2658-1
412,ITL2834-1
412,ITL2829-4
412,ITL2572-3
412,ITL2756-2
412,ITL2819-2
412,ITL1668-B
413,ITL2815-1
413,D2004-227
413,I/D2009-010
413,ITL2849-5
413,ITL2795-3
413,ITL2818-01
413,D2007-201
414,D2008-148
414,IPK85-1
414,ITL2856-2
414,ITL2816-5
414,ITL2392-1
414,ITL2660-3
414,ITL2816-01
414,D2007-263
415,I/D2010-008
415,ITL2824-2
415,ITL2833-1
415,ITL2827-3
415,ITL2858-4
415,ITL2849-2
415,ITL2819-4
415,D2008-110
416,D2008-373
416,ITL2801-1
416,D2010-055
416,ITL2855-1
416,I/D2010-001
416,ITL2840-4
416,ITL2809-3
416,ITL2861-2
417,D2009-298
417,D2011-015
417,ITL2772-1
417,ITL2827-4
417,IPK74-1
417,ITL2797-2
417,ITL2855-5
417,ITL2836-5
417,D2008-018
418,D2009-278
418,ITL2815-2
418,I/D2010-002
418,ITL2871-3
418,ITL2205-4
418,ITL2794-6
418,ITL2842-3
418,ITL2833-4
418,ITL2771-5
419,ITL2850-1
419,ITL2851-1
419,ITL2852-1
419,ITL2853-1
419,ITL2817-02
419,ITL2798-2
419,D2008-077
419,ITL2878-2
419,ITL2860-3
419,ITL2802-5
420,D2011-029
420,ITL2757-2
420,ITL2882-1
420,ITL2863-5
420,D2008-175
420,ITL2800-3
420,ITL2832-3
420,ITL2865-3
420,ITL2631-3
420,ITL2865-1
421,D2007-376
421,ITL1203-B
421,ITL2886-2
421,ITL2810-5
421,ITL2849-1
421,ITL2840-3
421,ITL2802-2
421,ITL2779-2
421,I/D2010-006
422,I/D2010-009
422,ITL2595-1
422,ITL2872-2
422,ITL2869-5
422,ITL499-A
422,ITL2853-3
422,ITL2784-5
422,ITL2863-6
422,D2008-326
423,I/D2011-001
423,ITL2823-1
423,ITL2874-4
423,ITL2719-3
423,ITL2826-4
423,D2006-252
423,ITL2861-4
423,ITL2837-2
423,ITL2580-4
423,ITL2823-2
424,D2011-080
424,ITL2867-2
424,I/D2009-011
424,ITL2773-6
424,ITL2777-5
424,ITL2879-5
424,ITL2861-6
424,ITL2741-3
424,I/D2010-003
425,ITL2867-1P
425,ITL2727-3
425,ITL2708-3
425,ITL2746-3
425,ITL2740-5
425,ITL2637-4
425,D2007-076
426,D2008-392
426,ITL2835-4
426,ITL2819-5
426,IPK94-1
426,ITL2864-1
426,ITL2859-4
426,ITL2869-4
426,ITL2814-4
426,I/D2010-007
427,D2008-298
427,ITL2721-2P
427,ITL2607-4
427,ITL2914-1
427,ITL2689-6
427,ITL2733-2
427,ITL459-A
427,D2009-182
428,D2011-165
428,D2009-105
428,ITL2779-1
428,I/D2011-005
428,ITL2850-2
428,ITL2872-5
428,ITL2789-2
428,ITL2886-02
428,ITL2860-4
428,D2007-193
429,I/D2011-015
429,ITL2897-4
429,ITL2896-2
429,ITL2880-3
429,ITL2845-4
429,D2009-019
429,ITL2775-4
429,ITL2848-4
429,ITL2882-5
429,ITL2811-02
429,ITL2950-1
430,D2008-064
430,ITL2908-1
430,ITL2926-3
430,ITL2907-01
430,I/D2009-009
430,ITL2910-3
430,ITL2919-3P
430,ITL2908-2
430,D2012-036
431,D2009-226
431,ITL2906-3
431,ITL2859-2
431,ITL2804-3
431,ITL2851-02
431,ITL2954-1
431,ITL2847-2
432,D2009-211
432,ITL2910-1
432,ITL2860-1
432,ITL2724-3
432,ITL2804-4
432,ITL2890-2
432,ITL2832-4
432,ITL2890-5
432,ITL2774-4
432,ITL2858-1
433,D2009-122
433,ITL2780-01
433,ITL2912-1
433,I/D2011-002
433,ITL2932-1
433,ITL2873-5
433,ITL2840-2
433,ITL2768-5
433,ITL2907-2
434,D2010-032
434,ITL2824-02
434,ITL2945-1P
434,ITL2904-1
434,ITL2883-3
434,ITL2827-1
434,ITL2657-3
434,ITL2927-1
435,D2009-138
435,ITL2939-2
435,ITL2924-4
435,ITL2924-1
435,ITL2855-4
435,I/D2011-004
435,ITL2943-4
435,ITL2902-2
435,ITL2805-3
436,D2010-046
436,ITL2938-2
436,I/D2011-011
436,ITL2836-4
436,ITL2875-2
436,ITL2950-4
436,ITL2881-2
436,ITL2889-4
436,ITL2876-4
437,I/D2011-014
437,ITL2882-3
437,ITL2933-2
437,ITL2930-2
437,ITL2953-1
437,ITL2922-2
437,ITL2928-2
437,ITL2929-4
437,D2011-094
438,D2009-238
438,ITL2784-1
438,I/D2011-006
438,ITL2781-3
438,ITL2649-3
438,ITL2935-2
439,D2011-035
439,ITL2763-01
439,ITL2940-1P
439,ITL2932-5
439,ITL2741-2P
439,ITL2662-5
439,ITL2843-5
440,D2009-172
440,ITL2894-2
440,I/D2011-003
440,ITL2776-5
440,ITL2936-5
440,ITL2962-2P
440,ITL2850-4
440,ITL2723-3
441,D2009-152
441,ITL2952-1
441,I/D2012-002
441,ITL2754-2
441,ITL2656-2
441,ITL2921-2
441,ITL2796-4
441,ITL2849-02
441,ITL2783-3
441,ITL2838-4
442,D2010-108
442,ITL2742-01
442,ITL2879-1
442,ITL2764-4
442,ITL2924-5
442,ITL2965-6
442,ITL2801-2
442,I/D2011-010
442,ITL2944-2
442,ITL2718-6
443,D2010-054
443,ITL2961-1
443,I/D2012-001
443,ITL2776-2
443,ITL2901-02
443,ITL2954-4
443,ITL2745-4
443,ITL2802-4
443,ITL2661-6
443,ITL2721-6
443,D2012-176
444,D2011-128
444,D2013-025
444,ITL2868-2
444,ITL2958-02
444,ITL2836-3
444,ITL2642-5
444,ITL2949-4P
444,ITL2647-5
444,ITL2863-4
444,ITL2786-01
444,ITL2224-6
444,ITL2734-3
444,ITL2780-5
445,D2012-056
445,ITL2865-5
445,ITL2985-01
445,ITL2904-5
445,ITL2981-01
445,ITL2968-3
445,ITL2945-4
445,ITL2760-2
445,ITL2985-02
445,ITL2864-4
445,ITL2940-2
445,ITL2972-02
445,ITL2970-3
446,D2009-115
446,ITL2820-2
446,ITL2801-01
446,ITL2555-1
446,ITL2636-3
446,ITL2943-1
446,ITL2971-2
446,ITL2854-02
446,ITL2752-4
446,ITL2842-5
446,ITL2919-01
446,ITL2690-6
446,ITL2959-1
447,D2012-132
447,ITL2710-6
447,ITL2851-5
447,ITL2642-3
447,ITL2914-2
447,ITL2906-02
447,ITL2902-5
447,ITL2844-4
447,ITL2933-1
447,ITL2946-4
447,ITL2680-2
447,ITL2564-03
448,ITL2974-1
448,D2013-036
448,ITL2337-1
448,ITL2933-02
448,D2012-162
448,ITL2928-4
448,ITL2939-4
448,ITL2648-2
448,ITL2831-01
448,ITL2798-4
448,ITL2602-6
448,ITL2726-6
449,D2011-125
449,ITL2923-02
449,ITL2981-4
449,ITL2828-3
449,ITL3001-3
449,ITL2678-3
449,ITL2845-5
449,ITL2725-4
449,ITL2983-2
449,I/D2011-012
450,D2009-202
450,ITL2736-1
450,ITL2815-4
450,ITL2748-4
450,ITL2968-5
450,I/D2012-003
450,ITL2769-5
450,ITL2901-4
450,ITL2947-5
450,ITL2663-01
450,ITL2835-5
451,ITL2796-1
451,ITL2899-2
451,ITL3005-2
451,ITL2255-3
451,ITL2310-3
451,ITL2373-5
451,ITL2150-1
451,D2010-088
452,ITL2985-1P
452,ITL2622-1
452,D2012-052
452,ITL2918-01
452,ITL2618-7
452,ITL2984-2
453,D2011-011
453,ITL2846-02
453,ITL3002-5
453,ITL2867-6
453,ITL2972-2
453,ITL2692-1
453,ITL2644-7
453,ITL3008-3
453,ITL2761-5
453,ITL2955-5
454,D2014-042
454,ITL2880-1
454,ITL2620-03
454,ITL2973-2
454,ITL2942-5
454,ITL2857-2
454,ITL3009-5
454,IT2844-1
454,ITL2693-01
454,ITL2989-2
454,ITL3012-1
455,D2013-140
455,ITL2427-1
455,ITL2878-1
455,IPM214-2
455,ITL2724-4
455,ITL2974-2
455,I/D2011-013
455,ITL2773-2
455,D2013-134
456,D2008-113
456,ITL2883-02
456,ITL2716-4
456,Originaltitel:DonaldDuckHotelRoyal
456,ITL2975-5
456,ITL2644-6
456,Originaltitel:DonaldDuckHotelRoyal
456,ITL2975-1
456,ITL2905-3
456,Originaltitel:DonaldDuckHotelRoyal
456,ITL2754-4
456,Originaltitel:DonaldDuckHotelRoyal
456,ITL2700-01
456,ITL2752-1
457,D2011-054
457,ITL2900-2
457,ITL2753-5
457,ITL2818-4
457,ITL2616-6
457,ITL2994-2
457,ITL2824-4
457,ITL2616-7
457,ITL3010-5
457,D2014-023
457,ITL2953-2
457,D2014-024
458,D2010-048
458,ITL2928-5
458,ITL2805-5
458,ITL3011-2
458,D2014-025
458,ITL2548-6
458,ITL2986-1
458,ITL2894-5
458,ITL2780-4
458,D2012-153
459,D2013-110
459,ITL2714-1
459,ITL2807-2
459,ITL3035-5
459,ITL3033-1
459,ITL2960-3
459,ITL2704-02
459,ITL2729-4
459,ITL2376-6
459,D2009-185
460,D2013-133
460,ITL2761-2
460,ITL2817-4
460,ITL2705-2
460,ITL3043-4
460,ITL2981-5
460,ITL2691-1
460,D2013-078
460,ITL2695-01
460,ITL2995-3
461,D2014-019
461,ITL2671-3
461,ITL3002-4
461,ITL2876-5
461,ITL3025-5
461,ITL2921-01
461,ITL3002-2
461,ITL3026-3
461,ITL2729-3
461,ITL2814-5
461,D2013-004
462,D2013-077
462,ITL2963-2
462,ITL2718-4
462,ITL2854-4
462,ITL3028-4
462,ITL3029-2P
462,ITL3022-3
462,ITL3018-2
462,ITL2924-02
463,D2014-105
463,ITL3005-1
463,ITL2762-5
463,ITL2997-1
463,ITL2818-5
463,ITL2928-01
463,ITL3021-1
463,ITL3027-02
463,ITL2745-5
463,ITL2852-4
463,ITL3030-5
464,D2012-114
464,ITL2996-5
464,ITL2909-2
464,ITL3027-4
464,ITL2623-5
464,ITL2912-02
464,ITL3047-3
464,ITL3029-4
464,ITL3042-5
464,ITL3051-1
465,D2012-175
465,ITL2913-2
465,ITL2704-01
465,ITL2980-2
465,ITL2999-2
465,ITL2814-01
465,ITL3049-3
465,ITL2651-4
465,ITL2918-1
465,ITL2921-3
465,ITL3008-5
466,D2013-146
466,IPKC51-1
466,ITL2754-01
466,ITL2765-1
466,ITL2786-4
466,ITL2897-01
466,ITL2816-4
466,ITL2758-2
466,ITL2640-02
466,ITL2258-5
466,ITL2719-4
466,ITL2868-3
466,ITL3018-1
467,D2014-032
467,ITL2863-3
467,ITL2602-01
467,ITL3003-1P
467,ITL2768-1
467,ITL2602-02
467,ITL2795-2
467,ITL3056-2
467,ITL2913-01
467,ITL2860-5
468,D2008-032
468,ITL2907-1
468,ITL3040-3
468,ITL2923-3
468,ITL3011-01
468,ITL3034-2
468,ITL2751-4
468,ITL2684-3
468,ITL2745-2
468,ITL2372-6
468,ITL2858-2
469,D2009-125
469,ITL3015-1
469,ITL2857-4
469,ITL3013-4
469,D/D2006-017
469,ITL2803-02
469,ITL2754-5
469,ITL2079-4
469,ITL2542-2
469,ITL3064-01
469,ITL2702-3
469,ITL2175-4
469,ITL2799-6
469,D2015-020
470,D2013-105
470,ITL3030-4
470,ITL2885-3
470,ITL3024-5
470,ITL2971-5
470,ITL2757-3
470,ITL2903-1
470,D2014-197
470,ITL3069-4
470,D2015-021
470,ITL3009-4
471,D2010-124
471,ITL2980-1
471,ITL2674-5
471,ITL2828-01
471,ITL3045-3
471,ITL3036-2
471,ITL3071-4
471,ITL2921-02
471,ITL3053-2
471,ITL2370-5
471,ITL2750-2
472,D2014-120
472,ITL3017-2
472,ITL2825-2
472,ITL2663-5
472,ITL2849-4
472,ITL3037-1
472,ITL2862-5
472,ITL2675-2
472,ITL3056-1
473,D2015-094
473,D2013-071
473,ITL2519-1
473,ITL2976-1
473,ITL2850-5
473,ITL2922-01
473,ITL2929-5
473,ITL2606-4
473,ITL3038-2
473,ITL2769-1
473,ITL2971-01
474,ITL2737-6
474,ITL2742-02
474,D2014-021
474,ITL2656-1
474,ITL3006-4
474,ITL3048-1
474,ITL2988-02
474,ITL2987-2
474,ITL2868-5
474,ITL2853-5
474,ITL2589-02
475,D2014-080
475,ITL2586-1
475,ITL3045-03
475,D2015-007
475,ITL2670-5
475,ITL3078-2
475,ITL2706-01
475,ITL2907-5
475,ITL3101-2
475,ITL2349-2
475,ITL2981-2
476,ITL3084-1
476,D2015-136
476,ITL2978-5
476,ITL3028-01
476,D2015-136
476,ITL3039-2
476,IPM319-1
476,ITL3029-03
476,ITL2693-3
476,ITL2629-4
476,IPM135-3
476,D2015-136
477,ITL2966-4
477,D2014-102
477,ITL2955-2
477,ITL2670-3
477,IM61-5
477,ITL2747-3
477,ITL2464-3
477,IPKC36-1
477,ITL2732-3
477,ITL2999-4
477,ITL2993-1
478,ITL3025-1
478,ITL2937-01
478,ITL2653-4
478,ITL2989-1
478,ITL3089-4
478,ITL2723-5
478,IPM338-1
478,ITL2760-4
478,ITL3099-3
478,ITL2705-5
478,ITL3080-3
478,D2014-119
479,ITL2492-2
479,ITL2917-4
479,D2014-173
479,ITL2502-3
479,ITL2826-02
479,IPKA33-1
479,ITL2552-3
479,ITL3080-4
479,ITL2784-3
479,ITL3105-6
479,ITL2858-3
479,ITL3034-5
479,ITL2772-4
480,D2015-234
480,ITL2968-1P
480,D2014-122
480,IPKA5-1
480,ITL2812-4
480,ITL3022-4
480,ITL2812-5
480,ITL3095-3
480,ITL3095-5
480,ITL2852-3
480,ITL3057-6
481,D2015-190
481,ITL3066-6
481,ITL2779-6
481,IPK102-1
481,ITL2985-5
481,ITL3067-4
481,ITL2683-01
481,ITL2835-1
481,ITL3094-3
481,ITL2965-3
481,ITL2852-5
481,ITL3051-3
482,ITL2971-1
482,ITL3137-5
482,ITL2961-4
482,ITL3031-4
482,IPM383-1
482,ITL2578-6
482,ITL3011-4
482,D2014-121
482,ITL2958-01
482,ITL2731-4
482,ITL3041-3
482,ITL2773-4
482,IPM326-1
483,D2016-022
483,ITL3010-1
483,ITL3097-3
483,IPKC27-1
483,ITL3120-4
483,ITL2997-2
483,ITL2854-3
483,ITL3019-1
483,ITL2889-3
483,ITL3012-5
483,IPM405-1
484,ITL2626-4
484,D2015-305
484,ITL3020-1
484,ITL2454-3
484,ITL2772-2
484,ITL3109-01
484,ITL2983-1
484,ITL2782-3
484,ITL3125-02
484,IPKC46-1
484,ITL3104-5
484,ITL3118-3
484,ITL2965-1P
485,ITL350-B
485,D2014-103
485,ITL2844-02
485,ITL3141-2
485,ITL2429-3
485,ITL2876-3
485,ITL3141-5
485,ITL2841-4
485,ITL3139-3
485,ITL2918-5
485,ITL3015-3
485,ITL2880-4
485,ITL2864-2
485,ITL2838-5
486,IPM248-1
486,D2014-053
486,ITL3110-01
486,ITL2891-3
486,ITL2951-6
486,ITL2984-5
486,IMI12-3
486,ITL2724-5
486,ITL2944-01
486,ITL2454-4
486,ITL3134-6
486,IPKC76-1
487,ITL2896-4
487,ITL2371-1
487,D2014-131
487,ITL2589-4
487,ITL2722-01
487,ITL3078-1
487,ITL3091-2
487,IPKC43-1
487,ITL2741-5
487,ITL2895-5
487,ITL2774-6
487,ITL2609-6
487,ITL3072-1
488,ITL3114-4
488,ITL3095-2
488,ITL3086-1P
488,ITL2671-2
488,ITL2966-03
488,ITL3075-4
488,ITL3049-2
488,ITL3081-3
488,ITL3100-2
488,ITL2795-4
488,D2015-183
489,ITL3136-1
489,ITL2817-5
489,D2015-001
489,IPKC63-1
489,ITL3101-5
489,ITL3054-1
489,ITL3149-5
489,ITL3073-2
489,ITL3001-1P
490,D2016-256
490,ITL3006-2
490,ITL3085-01
490,ITL3138-2
490,D2015-196
490,ITL3024-2
490,ITL3055-2
490,ITL3136-6
490,ITL2629-5
490,ITL3133-2
491,ITL3094-1P
491,ITL3103-01
491,IPK26-3
491,ITL2239-4
491,ITL3084-01
491,ITL2988-2
491,ITL2610-3
491,ITL2332-2
491,D2015-106
492,ITL3149-1
492,ITL3041-1
492,ITL2574-03
492,ITL2526-7
492,ITL2774-2
492,ITL3041-4
492,IM59-2
492,D2016-001
492,ITL2666-6
492,D2014-187
493,ITL3153-1P
493,ITL3110-5
493,ITL3173-4
493,ITL3044-5
493,ITL3112-01
493,ITL2987-5
493,ITL3048-3
493,ITL3094-2
493,D2015-003
494,D2016-302
494,ITL3160-2
494,ITL2410-4
494,ITL2483-6
494,ITL3158-2
494,ITL3183-3
494,ITL3111-3
494,ITL3073-4
494,ITL2483-3
494,ITL2996-1
495,ITL2832-1P
495,ITL3062-1
495,ITL2860-2
495,ITL2787-4
495,ITL2525-2
495,ITL3157-2
495,ITL3063-4
495,D2016-315
496,D2016-324
496,ITL3167-04
496,ITL3088-4
496,ITL3019-4
496,ITL3159-3
496,ITL2649-4
496,ITL2882-2
496,ITL2638-6
496,ITL3003-2
496,ITL3076-1
497,ITL3170-2
497,ITL2950-2
497,ITL3092-1
497,ITL3174-01
497,ITL2993-4
497,ITL2503-2
497,ITL2262-6
497,D2016-036
497,ITL3154-3
497,ITL2935-4
498,D2015-259
498,ITL3107-01
498,ITL3177-2
498,ITL3097-2
498,ITL3142-4
498,ITL3123-2
498,ITL2707-4
498,ITL3128-2
498,ITL3128-5
498,ITL3102-01
498,ITL3107-2
499,D2016-329
499,ITL3127-6
499,ITL3026-5
499,D2016-303
499,ITL3138-3
499,ITL520-A
499,ITL2936-4B
499,ITL3079-5
499,IPKC30-1
499,ITL3182-1P
500,ITL3110-1P
500,ITL2994-3
500,ITL3127-2
500,ITL3026-4
500,D2016-287
500,ITL3180-01
500,ITL347-B
501,D2017-052
501,ITL2969-2
501,ITL2614-6
501,ITL3176-4
501,ITL3128-02
501,ITL3178-1
501,ITL2556-7
501,ITL3045-2
501,ITL2715-5
501,ITL3088-5
501,ITL3120-1
502,ITL3006-1
502,ITL3007-1
502,ITL3008-1
502,ITL3009-1
502,ITL3082-4
502,ITL3075-1
502,ITL3189-01
502,ITL2824-5
502,ITL3140-5
502,D2016-333
503,D2017-107
503,ITL3013-1P
503,ITL3035-1
503,ITL2399-5
503,ITL2920-2
503,ITL3204-5
503,ITL2367-1
503,ITL2621-4
503,ITL3000-4
504,ITL3186-1
504,ITL3033-2P
504,ITL3052-4
504,ITL2990-2
504,ITL3040-5P
504,IPKC10-1
504,Ursprung:Dnemark
505,ITL3048-6
505,ITL3040-2
505,ITL3021-3
505,ITL3089-5
505,ITL2361-1
505,ITL2580-5
505,ITL2933-3
505,ITL3184-3
505,ITL3200-4
505,D2017-033
505,ITL3191-1
506,D2017-044
506,ITL3044-2P
506,ITL3168-02
506,IPK42-2
506,ITL3141-1
506,ITL3137-4
506,ITL3200-1
506,ITL3203-4
506,ITL3162-01
506,ITL3102-5
507,D2017-131
507,ITL2994-1
507,ITL3156-4
507,ITL3152-6
507,ITL2573-3
507,ITL3207-5
507,ITL2900-4
507,ITL2332-4
507,ITL2946-3
507,ITL3054-2
508,ITL3055-5
508,D2018-041
508,ITL2584-6
508,ITL3222-1
508,ITL3129-5
508,ITL3064-5
508,ITL3000-2
508,ITL3046-2
508,ITL2601-1
508,D2017-106
509,D2018-042
509,ITL3221-6
509,ITL3065-5
509,ITL3004-2
509,ITL2425-6
509,ITL3219-02
509,ITL2607-5
509,ITL3173-1
509,ITL3131-1
509,D2017-193
510,D2017-150
510,ITL2421-1
510,ITL3155-3
510,ITL3188-2
510,Storycode:ITL3022-5
510,ITL3115-5
510,ITL2650-1
510,ITL3224-6
510,ITL3228-1
511,ITL3056-6
511,ITL3122-4
511,D2017-001
511,ITL2868-4
511,ITL3099-5
511,ITL2547-7
511,ITL3180-5
511,ITL2601-3
511,ITL1468-B
512,ITL3179-4
512,ITL2695-03
512,ITL3232-2
512,ITL3219-6
512,ITL3233-5
512,ITL3069-02
512,ITL2545-2
512,ITL3205-2
512,D2017-129
513,D2018-014
513,ITL3130-1P
513,ITL3125-01
513,ITL3218-5
513,ITL3233-2
513,ITL3175-3
513,ITL3189-1
514,D2018-060
514,ITL3240-1
514,ITL3126-1
514,ITL3000-12
514,ITL3202-2
514,ITL3230-2
514,ITL2576-3
514,ITL3126-2
514,D2017-192
514,ITL2962-5
515,ITL3147-1
515,ITL2513-1
515,ITL3224-4
515,ITL2209-2
515,ITL3191-1
515,ITL3114-1
515,ITL3244-5
515,ITL3232-3
515,ITL3088-01
515,D2017-104
516,D2017-151
516,ITL3036-1
516,ITL3037-2
516,ITL2557-4
516,ITL2413-6
516,ITL3169-4
516,ITL2621-2
516,ITL3191-5
516,ITL2723-4
516,IPK77-3
516,D2018-068
517,D2018-071
517,ITL2775-1
517,ITL2931-02
517,ITL3211-2
517,ITL2776-1
517,ITL3106-5
517,ITL577-A
517,ITL2777-2
517,ITL3196-2
517,IPK77-1
517,ITL2778-2
518,D2018-075
518,ITL3059-4
518,ITL3218-6
518,IPK115-1
518,ITL3200-2
518,ITL3166-5
518,ITL3210-4
518,ITL3091-3
518,ITL3242-4
518,ITL3059-5
518,ITL3054-3
519,D2017-130
519,ITL3261-5
519,ITL3204-1
519,ITL2666-02
519,ITL3245-3
519,ITL3171-7
519,ITL3189-2
519,ITL2660-2
519,ITL3192-2
519,ITL3223-6
