1,https://www.lustiges-taschenbuch.de/sites/default/files/cover/ltb_Aktuell_001.jpg,ltb_Aktuell_001.jpg
2,https://www.lustiges-taschenbuch.de/sites/default/files/cover/ltb_EA_001.jpg,ltb_EA_001.jpg
3,https://www.lustiges-taschenbuch.de/sites/default/files/cover/ltb_1.NA_001_1.jpg,ltb_1.NA_001_1.jpg
4,https://www.lustiges-taschenbuch.de/sites/default/files/cover/ltb_Aktuell_002.jpg,ltb_Aktuell_002.jpg
5,https://www.lustiges-taschenbuch.de/sites/default/files/cover/ltb_EA_002_0.jpg,ltb_EA_002_0.jpg
6,https://www.lustiges-taschenbuch.de/sites/default/files/cover/ltb_1.NA_002.jpg,ltb_1.NA_002.jpg
7,https://www.lustiges-taschenbuch.de/sites/default/files/cover/ltb_Aktuell_003.jpg,ltb_Aktuell_003.jpg
8,https://www.lustiges-taschenbuch.de/sites/default/files/cover/ltb_EA_003.jpg,ltb_EA_003.jpg
9,https://www.lustiges-taschenbuch.de/sites/default/files/cover/ltb_1.NA_003.jpg,ltb_1.NA_003.jpg
10,https://www.lustiges-taschenbuch.de/sites/default/files/cover/ltb_Aktuell_004.jpg,ltb_Aktuell_004.jpg
11,https://www.lustiges-taschenbuch.de/sites/default/files/cover/ltb_EA_004.jpg,ltb_EA_004.jpg
12,https://www.lustiges-taschenbuch.de/sites/default/files/cover/ltb_1.NA_004.jpg,ltb_1.NA_004.jpg
13,https://www.lustiges-taschenbuch.de/sites/default/files/cover/ltb_Aktuell_005.jpg,ltb_Aktuell_005.jpg
14,https://www.lustiges-taschenbuch.de/sites/default/files/cover/ltb_EA_005.jpg,ltb_EA_005.jpg
15,https://www.lustiges-taschenbuch.de/sites/default/files/cover/ltb_1.NA_005.jpg,ltb_1.NA_005.jpg
16,https://www.lustiges-taschenbuch.de/sites/default/files/cover/ltb_Aktuell_006.jpg,ltb_Aktuell_006.jpg
17,https://www.lustiges-taschenbuch.de/sites/default/files/cover/ltb_EA_006.jpg,ltb_EA_006.jpg
18,https://www.lustiges-taschenbuch.de/sites/default/files/cover/ltb_1.NA_006.jpg,ltb_1.NA_006.jpg
19,https://www.lustiges-taschenbuch.de/sites/default/files/cover/ltb_1.NA_007.jpg,ltb_1.NA_007.jpg
20,https://www.lustiges-taschenbuch.de/sites/default/files/cover/ltb_Aktuell_007.jpg,ltb_Aktuell_007.jpg
21,https://www.lustiges-taschenbuch.de/sites/default/files/cover/ltb_EA_007.jpg,ltb_EA_007.jpg
22,https://www.lustiges-taschenbuch.de/sites/default/files/cover/ltb_Aktuell_008.jpg,ltb_Aktuell_008.jpg
23,https://www.lustiges-taschenbuch.de/sites/default/files/cover/ltb_EA_008.jpg,ltb_EA_008.jpg
24,https://www.lustiges-taschenbuch.de/sites/default/files/cover/ltb_1.NA_008.jpg,ltb_1.NA_008.jpg
25,https://www.lustiges-taschenbuch.de/sites/default/files/cover/ltb_Aktuell_009.jpg,ltb_Aktuell_009.jpg
26,https://www.lustiges-taschenbuch.de/sites/default/files/cover/ltb_EA_009.jpg,ltb_EA_009.jpg
27,https://www.lustiges-taschenbuch.de/sites/default/files/cover/ltb_1.NA_009.jpg,ltb_1.NA_009.jpg
28,https://www.lustiges-taschenbuch.de/sites/default/files/cover/ltb_Aktuell_010.jpg,ltb_Aktuell_010.jpg
29,https://www.lustiges-taschenbuch.de/sites/default/files/cover/ltb_EA_010.jpg,ltb_EA_010.jpg
30,https://www.lustiges-taschenbuch.de/sites/default/files/cover/ltb_1.NA_010.jpg,ltb_1.NA_010.jpg
31,https://www.lustiges-taschenbuch.de/sites/default/files/cover/ltb_Aktuell_011.jpg,ltb_Aktuell_011.jpg
32,https://www.lustiges-taschenbuch.de/sites/default/files/cover/ltb_EA_011_0.jpg,ltb_EA_011_0.jpg
33,https://www.lustiges-taschenbuch.de/sites/default/files/cover/ltb_1.NA_011.jpg,ltb_1.NA_011.jpg
34,https://www.lustiges-taschenbuch.de/sites/default/files/cover/ltb_Aktuell_012.jpg,ltb_Aktuell_012.jpg
35,https://www.lustiges-taschenbuch.de/sites/default/files/cover/ltb_EA_012_0.jpg,ltb_EA_012_0.jpg
36,https://www.lustiges-taschenbuch.de/sites/default/files/cover/ltb_1.NA_012.jpg,ltb_1.NA_012.jpg
37,https://www.lustiges-taschenbuch.de/sites/default/files/cover/ltb_Aktuell_013.jpg,ltb_Aktuell_013.jpg
38,https://www.lustiges-taschenbuch.de/sites/default/files/cover/ltb_EA_013_0.jpg,ltb_EA_013_0.jpg
39,https://www.lustiges-taschenbuch.de/sites/default/files/cover/ltb_1.NA_013.jpg,ltb_1.NA_013.jpg
40,https://www.lustiges-taschenbuch.de/sites/default/files/cover/ltb_Aktuell_014.jpg,ltb_Aktuell_014.jpg
41,https://www.lustiges-taschenbuch.de/sites/default/files/cover/ltb_EA_014_0.jpg,ltb_EA_014_0.jpg
42,https://www.lustiges-taschenbuch.de/sites/default/files/cover/ltb_1.NA_014.jpg,ltb_1.NA_014.jpg
43,https://www.lustiges-taschenbuch.de/sites/default/files/cover/ltb_Aktuell_015.jpg,ltb_Aktuell_015.jpg
44,https://www.lustiges-taschenbuch.de/sites/default/files/cover/ltb_EA_015_0.jpg,ltb_EA_015_0.jpg
45,https://www.lustiges-taschenbuch.de/sites/default/files/cover/ltb_1.NA_015.jpg,ltb_1.NA_015.jpg
46,https://www.lustiges-taschenbuch.de/sites/default/files/cover/ltb_Aktuell_016.jpg,ltb_Aktuell_016.jpg
47,https://www.lustiges-taschenbuch.de/sites/default/files/cover/ltb_EA_016_0.jpg,ltb_EA_016_0.jpg
48,https://www.lustiges-taschenbuch.de/sites/default/files/cover/ltb_1.NA_016.jpg,ltb_1.NA_016.jpg
49,https://www.lustiges-taschenbuch.de/sites/default/files/cover/ltb_Aktuell_017.jpg,ltb_Aktuell_017.jpg
50,https://www.lustiges-taschenbuch.de/sites/default/files/cover/ltb_EA_017.jpg,ltb_EA_017.jpg
51,https://www.lustiges-taschenbuch.de/sites/default/files/cover/ltb_1.NA_017.jpg,ltb_1.NA_017.jpg
52,https://www.lustiges-taschenbuch.de/sites/default/files/cover/ltb_Aktuell_018.jpg,ltb_Aktuell_018.jpg
53,https://www.lustiges-taschenbuch.de/sites/default/files/cover/ltb_EA_018.jpg,ltb_EA_018.jpg
54,https://www.lustiges-taschenbuch.de/sites/default/files/cover/ltb_1.NA_018.jpg,ltb_1.NA_018.jpg
55,https://www.lustiges-taschenbuch.de/sites/default/files/cover/ltb_Aktuell_019.jpg,ltb_Aktuell_019.jpg
56,https://www.lustiges-taschenbuch.de/sites/default/files/cover/ltb_EA_019.jpg,ltb_EA_019.jpg
57,https://www.lustiges-taschenbuch.de/sites/default/files/cover/ltb_1.NA_019.jpg,ltb_1.NA_019.jpg
58,https://www.lustiges-taschenbuch.de/sites/default/files/cover/ltb_Aktuell_020.jpg,ltb_Aktuell_020.jpg
59,https://www.lustiges-taschenbuch.de/sites/default/files/cover/ltb_EA_020.jpg,ltb_EA_020.jpg
60,https://www.lustiges-taschenbuch.de/sites/default/files/cover/ltb_1.NA_020.jpg,ltb_1.NA_020.jpg
61,https://www.lustiges-taschenbuch.de/sites/default/files/cover/ltb_Aktuell_021.jpg,ltb_Aktuell_021.jpg
62,https://www.lustiges-taschenbuch.de/sites/default/files/cover/ltb_EA_021.jpg,ltb_EA_021.jpg
63,https://www.lustiges-taschenbuch.de/sites/default/files/cover/ltb_1.NA_021.jpg,ltb_1.NA_021.jpg
64,https://www.lustiges-taschenbuch.de/sites/default/files/cover/ltb_Aktuell_022.jpg,ltb_Aktuell_022.jpg
65,https://www.lustiges-taschenbuch.de/sites/default/files/cover/ltb_EA_022.jpg,ltb_EA_022.jpg
66,https://www.lustiges-taschenbuch.de/sites/default/files/cover/ltb_1.NA_022.jpg,ltb_1.NA_022.jpg
67,https://www.lustiges-taschenbuch.de/sites/default/files/cover/ltb_Aktuell_023.jpg,ltb_Aktuell_023.jpg
68,https://www.lustiges-taschenbuch.de/sites/default/files/cover/ltb_EA_023.jpg,ltb_EA_023.jpg
69,https://www.lustiges-taschenbuch.de/sites/default/files/cover/ltb_1.NA_023.jpg,ltb_1.NA_023.jpg
70,https://www.lustiges-taschenbuch.de/sites/default/files/cover/ltb_Aktuell_024.jpg,ltb_Aktuell_024.jpg
71,https://www.lustiges-taschenbuch.de/sites/default/files/cover/ltb_EA_024.jpg,ltb_EA_024.jpg
72,https://www.lustiges-taschenbuch.de/sites/default/files/cover/ltb_1.NA_024.jpg,ltb_1.NA_024.jpg
73,https://www.lustiges-taschenbuch.de/sites/default/files/cover/ltb_Aktuell_025.jpg,ltb_Aktuell_025.jpg
74,https://www.lustiges-taschenbuch.de/sites/default/files/cover/ltb_EA_025.jpg,ltb_EA_025.jpg
75,https://www.lustiges-taschenbuch.de/sites/default/files/cover/ltb_1.NA_025.jpg,ltb_1.NA_025.jpg
76,https://www.lustiges-taschenbuch.de/sites/default/files/cover/ltb_Aktuell_026.jpg,ltb_Aktuell_026.jpg
77,https://www.lustiges-taschenbuch.de/sites/default/files/cover/ltb_EA_026.jpg,ltb_EA_026.jpg
78,https://www.lustiges-taschenbuch.de/sites/default/files/cover/ltb_1.NA_026.jpg,ltb_1.NA_026.jpg
79,https://www.lustiges-taschenbuch.de/sites/default/files/cover/ltb_Aktuell_027.jpg,ltb_Aktuell_027.jpg
80,https://www.lustiges-taschenbuch.de/sites/default/files/cover/ltb_EA_027.jpg,ltb_EA_027.jpg
81,https://www.lustiges-taschenbuch.de/sites/default/files/cover/ltb_1.NA_027.jpg,ltb_1.NA_027.jpg
82,https://www.lustiges-taschenbuch.de/sites/default/files/cover/ltb_Aktuell_028.jpg,ltb_Aktuell_028.jpg
83,https://www.lustiges-taschenbuch.de/sites/default/files/cover/ltb_EA_028.jpg,ltb_EA_028.jpg
84,https://www.lustiges-taschenbuch.de/sites/default/files/cover/ltb_1.NA_028.jpg,ltb_1.NA_028.jpg
85,https://www.lustiges-taschenbuch.de/sites/default/files/cover/ltb_Aktuell_029.jpg,ltb_Aktuell_029.jpg
86,https://www.lustiges-taschenbuch.de/sites/default/files/cover/ltb_EA_029.jpg,ltb_EA_029.jpg
87,https://www.lustiges-taschenbuch.de/sites/default/files/cover/ltb_1.NA_029.jpg,ltb_1.NA_029.jpg
88,https://www.lustiges-taschenbuch.de/sites/default/files/cover/ltb_Aktuell_030.jpg,ltb_Aktuell_030.jpg
89,https://www.lustiges-taschenbuch.de/sites/default/files/cover/ltb_EA_030.jpg,ltb_EA_030.jpg
90,https://www.lustiges-taschenbuch.de/sites/default/files/cover/ltb_1.NA_030.jpg,ltb_1.NA_030.jpg
91,https://www.lustiges-taschenbuch.de/sites/default/files/cover/ltb_Aktuell_031.jpg,ltb_Aktuell_031.jpg
92,https://www.lustiges-taschenbuch.de/sites/default/files/cover/ltb_EA_031.jpg,ltb_EA_031.jpg
93,https://www.lustiges-taschenbuch.de/sites/default/files/cover/ltb_1.NA_031.jpg,ltb_1.NA_031.jpg
94,https://www.lustiges-taschenbuch.de/sites/default/files/cover/ltb_Aktuell_032.jpg,ltb_Aktuell_032.jpg
95,https://www.lustiges-taschenbuch.de/sites/default/files/cover/ltb_EA_032.jpg,ltb_EA_032.jpg
96,https://www.lustiges-taschenbuch.de/sites/default/files/cover/ltb_1.NA_032.jpg,ltb_1.NA_032.jpg
97,https://www.lustiges-taschenbuch.de/sites/default/files/cover/ltb_Aktuell_033.jpg,ltb_Aktuell_033.jpg
98,https://www.lustiges-taschenbuch.de/sites/default/files/cover/ltb_EA_033.jpg,ltb_EA_033.jpg
99,https://www.lustiges-taschenbuch.de/sites/default/files/cover/ltb_1.NA_033.jpg,ltb_1.NA_033.jpg
100,https://www.lustiges-taschenbuch.de/sites/default/files/cover/ltb_Aktuell_034.jpg,ltb_Aktuell_034.jpg
101,https://www.lustiges-taschenbuch.de/sites/default/files/cover/ltb_EA_034.jpg,ltb_EA_034.jpg
102,https://www.lustiges-taschenbuch.de/sites/default/files/cover/ltb_1.NA_034.jpg,ltb_1.NA_034.jpg
103,https://www.lustiges-taschenbuch.de/sites/default/files/cover/ltb_Aktuell_035.jpg,ltb_Aktuell_035.jpg
104,https://www.lustiges-taschenbuch.de/sites/default/files/cover/ltb_EA_035.jpg,ltb_EA_035.jpg
105,https://www.lustiges-taschenbuch.de/sites/default/files/cover/ltb_1.NA_035.jpg,ltb_1.NA_035.jpg
106,https://www.lustiges-taschenbuch.de/sites/default/files/cover/ltb_1.NA_036.jpg,ltb_1.NA_036.jpg
107,https://www.lustiges-taschenbuch.de/sites/default/files/cover/ltb_Aktuell_036.jpg,ltb_Aktuell_036.jpg
108,https://www.lustiges-taschenbuch.de/sites/default/files/cover/ltb_EA_036.jpg,ltb_EA_036.jpg
109,https://www.lustiges-taschenbuch.de/sites/default/files/cover/ltb_Aktuell_037.jpg,ltb_Aktuell_037.jpg
110,https://www.lustiges-taschenbuch.de/sites/default/files/cover/ltb_EA_037.jpg,ltb_EA_037.jpg
111,https://www.lustiges-taschenbuch.de/sites/default/files/cover/ltb_1.NA_037.jpg,ltb_1.NA_037.jpg
112,https://www.lustiges-taschenbuch.de/sites/default/files/cover/ltb_Aktuell_038.jpg,ltb_Aktuell_038.jpg
113,https://www.lustiges-taschenbuch.de/sites/default/files/cover/ltb_EA_038.jpg,ltb_EA_038.jpg
114,https://www.lustiges-taschenbuch.de/sites/default/files/cover/ltb_1.NA_038.jpg,ltb_1.NA_038.jpg
115,https://www.lustiges-taschenbuch.de/sites/default/files/cover/ltb_Aktuell_039.jpg,ltb_Aktuell_039.jpg
116,https://www.lustiges-taschenbuch.de/sites/default/files/cover/ltb_EA_039.jpg,ltb_EA_039.jpg
117,https://www.lustiges-taschenbuch.de/sites/default/files/cover/ltb_1.NA_039.jpg,ltb_1.NA_039.jpg
118,https://www.lustiges-taschenbuch.de/sites/default/files/cover/ltb_Aktuell_040.jpg,ltb_Aktuell_040.jpg
119,https://www.lustiges-taschenbuch.de/sites/default/files/cover/ltb_EA_040.jpg,ltb_EA_040.jpg
120,https://www.lustiges-taschenbuch.de/sites/default/files/cover/ltb_1.NA_040.jpg,ltb_1.NA_040.jpg
121,https://www.lustiges-taschenbuch.de/sites/default/files/cover/ltb_Aktuell_041.jpg,ltb_Aktuell_041.jpg
122,https://www.lustiges-taschenbuch.de/sites/default/files/cover/ltb_EA_041.jpg,ltb_EA_041.jpg
123,https://www.lustiges-taschenbuch.de/sites/default/files/cover/ltb_1.NA_041.jpg,ltb_1.NA_041.jpg
124,https://www.lustiges-taschenbuch.de/sites/default/files/cover/ltb_Aktuell_042.jpg,ltb_Aktuell_042.jpg
125,https://www.lustiges-taschenbuch.de/sites/default/files/cover/ltb_EA_042.jpg,ltb_EA_042.jpg
126,https://www.lustiges-taschenbuch.de/sites/default/files/cover/ltb_1.NA_042.jpg,ltb_1.NA_042.jpg
127,https://www.lustiges-taschenbuch.de/sites/default/files/cover/ltb_Aktuell_043.jpg,ltb_Aktuell_043.jpg
128,https://www.lustiges-taschenbuch.de/sites/default/files/cover/ltb_EA_043.jpg,ltb_EA_043.jpg
129,https://www.lustiges-taschenbuch.de/sites/default/files/cover/ltb_1.NA_043.jpg,ltb_1.NA_043.jpg
130,https://www.lustiges-taschenbuch.de/sites/default/files/cover/ltb_Aktuell_044.jpg,ltb_Aktuell_044.jpg
131,https://www.lustiges-taschenbuch.de/sites/default/files/cover/ltb_EA_044.jpg,ltb_EA_044.jpg
132,https://www.lustiges-taschenbuch.de/sites/default/files/cover/ltb_1.NA_044.jpg,ltb_1.NA_044.jpg
133,https://www.lustiges-taschenbuch.de/sites/default/files/cover/ltb_Aktuell_045.jpg,ltb_Aktuell_045.jpg
134,https://www.lustiges-taschenbuch.de/sites/default/files/cover/ltb_EA_045.jpg,ltb_EA_045.jpg
135,https://www.lustiges-taschenbuch.de/sites/default/files/cover/ltb_1.NA_045.jpg,ltb_1.NA_045.jpg
136,https://www.lustiges-taschenbuch.de/sites/default/files/cover/ltb_Aktuell_046.jpg,ltb_Aktuell_046.jpg
137,https://www.lustiges-taschenbuch.de/sites/default/files/cover/ltb_EA_046.jpg,ltb_EA_046.jpg
138,https://www.lustiges-taschenbuch.de/sites/default/files/cover/ltb_1.NA_046.jpg,ltb_1.NA_046.jpg
139,https://www.lustiges-taschenbuch.de/sites/default/files/cover/ltb_Aktuell_047.jpg,ltb_Aktuell_047.jpg
140,https://www.lustiges-taschenbuch.de/sites/default/files/cover/ltb_EA_047.jpg,ltb_EA_047.jpg
141,https://www.lustiges-taschenbuch.de/sites/default/files/cover/ltb_1.NA_047.jpg,ltb_1.NA_047.jpg
142,https://www.lustiges-taschenbuch.de/sites/default/files/cover/ltb_1.NA_048.jpg,ltb_1.NA_048.jpg
143,https://www.lustiges-taschenbuch.de/sites/default/files/cover/ltb_Aktuell_048.jpg,ltb_Aktuell_048.jpg
144,https://www.lustiges-taschenbuch.de/sites/default/files/cover/ltb_EA_048.jpg,ltb_EA_048.jpg
145,https://www.lustiges-taschenbuch.de/sites/default/files/cover/ltb_Aktuell_049.jpg,ltb_Aktuell_049.jpg
146,https://www.lustiges-taschenbuch.de/sites/default/files/cover/ltb_EA_049.jpg,ltb_EA_049.jpg
147,https://www.lustiges-taschenbuch.de/sites/default/files/cover/ltb_1.NA_049.jpg,ltb_1.NA_049.jpg
148,https://www.lustiges-taschenbuch.de/sites/default/files/cover/ltb_Aktuell_050.jpg,ltb_Aktuell_050.jpg
149,https://www.lustiges-taschenbuch.de/sites/default/files/cover/ltb_EA_050.jpg,ltb_EA_050.jpg
150,https://www.lustiges-taschenbuch.de/sites/default/files/cover/ltb_1.NA_050.jpg,ltb_1.NA_050.jpg
151,https://www.lustiges-taschenbuch.de/sites/default/files/cover/ltb_051.jpg,ltb_051.jpg
152,https://www.lustiges-taschenbuch.de/sites/default/files/cover/ltb_EA_051.jpg,ltb_EA_051.jpg
153,https://www.lustiges-taschenbuch.de/sites/default/files/cover/ltb_1.NA_051.jpg,ltb_1.NA_051.jpg
154,https://www.lustiges-taschenbuch.de/sites/default/files/cover/ltb_052.jpg,ltb_052.jpg
155,https://www.lustiges-taschenbuch.de/sites/default/files/cover/ltb_EA_052.jpg,ltb_EA_052.jpg
156,https://www.lustiges-taschenbuch.de/sites/default/files/cover/ltb_1.NA_052.jpg,ltb_1.NA_052.jpg
157,https://www.lustiges-taschenbuch.de/sites/default/files/cover/ltb_053.jpg,ltb_053.jpg
158,https://www.lustiges-taschenbuch.de/sites/default/files/cover/ltb_EA_053.jpg,ltb_EA_053.jpg
159,https://www.lustiges-taschenbuch.de/sites/default/files/cover/ltb_1.NA_053.jpg,ltb_1.NA_053.jpg
160,https://www.lustiges-taschenbuch.de/sites/default/files/cover/ltb_054.jpg,ltb_054.jpg
161,https://www.lustiges-taschenbuch.de/sites/default/files/cover/ltb_EA_054.jpg,ltb_EA_054.jpg
162,https://www.lustiges-taschenbuch.de/sites/default/files/cover/ltb_1.NA_054.jpg,ltb_1.NA_054.jpg
163,https://www.lustiges-taschenbuch.de/sites/default/files/cover/ltb_055.jpg,ltb_055.jpg
164,https://www.lustiges-taschenbuch.de/sites/default/files/cover/ltb_EA_055.jpg,ltb_EA_055.jpg
165,https://www.lustiges-taschenbuch.de/sites/default/files/cover/ltb_1.NA_055.jpg,ltb_1.NA_055.jpg
166,https://www.lustiges-taschenbuch.de/sites/default/files/cover/ltb_056.jpg,ltb_056.jpg
167,https://www.lustiges-taschenbuch.de/sites/default/files/cover/ltb_EA_056.jpg,ltb_EA_056.jpg
168,https://www.lustiges-taschenbuch.de/sites/default/files/cover/ltb_1.NA_056.jpg,ltb_1.NA_056.jpg
169,https://www.lustiges-taschenbuch.de/sites/default/files/cover/ltb_057.jpg,ltb_057.jpg
170,https://www.lustiges-taschenbuch.de/sites/default/files/cover/ltb_EA_057.jpg,ltb_EA_057.jpg
171,https://www.lustiges-taschenbuch.de/sites/default/files/cover/ltb_1.NA_057.jpg,ltb_1.NA_057.jpg
172,https://www.lustiges-taschenbuch.de/sites/default/files/cover/ltb_058.jpg,ltb_058.jpg
173,https://www.lustiges-taschenbuch.de/sites/default/files/cover/ltb_EA_058.jpg,ltb_EA_058.jpg
174,https://www.lustiges-taschenbuch.de/sites/default/files/cover/ltb_1.NA_058.jpg,ltb_1.NA_058.jpg
175,https://www.lustiges-taschenbuch.de/sites/default/files/cover/ltb_059.jpg,ltb_059.jpg
176,https://www.lustiges-taschenbuch.de/sites/default/files/cover/ltb_EA_059.jpg,ltb_EA_059.jpg
177,https://www.lustiges-taschenbuch.de/sites/default/files/cover/ltb_1.NA_059.jpg,ltb_1.NA_059.jpg
178,https://www.lustiges-taschenbuch.de/sites/default/files/cover/ltb_1.NA_060.jpg,ltb_1.NA_060.jpg
179,https://www.lustiges-taschenbuch.de/sites/default/files/cover/ltb_060.jpg,ltb_060.jpg
180,https://www.lustiges-taschenbuch.de/sites/default/files/cover/ltb_EA_060.jpg,ltb_EA_060.jpg
181,https://www.lustiges-taschenbuch.de/sites/default/files/cover/ltb_061.jpg,ltb_061.jpg
182,https://www.lustiges-taschenbuch.de/sites/default/files/cover/ltb_EA_061.jpg,ltb_EA_061.jpg
183,https://www.lustiges-taschenbuch.de/sites/default/files/cover/ltb_1.NA_061.jpg,ltb_1.NA_061.jpg
184,https://www.lustiges-taschenbuch.de/sites/default/files/cover/ltb_062.jpg,ltb_062.jpg
185,https://www.lustiges-taschenbuch.de/sites/default/files/cover/ltb_EA_062.jpg,ltb_EA_062.jpg
186,https://www.lustiges-taschenbuch.de/sites/default/files/cover/ltb_1.NA_062.jpg,ltb_1.NA_062.jpg
187,https://www.lustiges-taschenbuch.de/sites/default/files/cover/ltb_1.NA_063.jpg,ltb_1.NA_063.jpg
188,https://www.lustiges-taschenbuch.de/sites/default/files/cover/ltb_063.jpg,ltb_063.jpg
189,https://www.lustiges-taschenbuch.de/sites/default/files/cover/ltb_EA_063.jpg,ltb_EA_063.jpg
190,https://www.lustiges-taschenbuch.de/sites/default/files/cover/ltb_064.jpg,ltb_064.jpg
191,https://www.lustiges-taschenbuch.de/sites/default/files/cover/ltb_EA_064.jpg,ltb_EA_064.jpg
192,https://www.lustiges-taschenbuch.de/sites/default/files/cover/ltb_1.NA_064.jpg,ltb_1.NA_064.jpg
193,https://www.lustiges-taschenbuch.de/sites/default/files/cover/ltb_065.jpg,ltb_065.jpg
194,https://www.lustiges-taschenbuch.de/sites/default/files/cover/ltb_EA_065.jpg,ltb_EA_065.jpg
195,https://www.lustiges-taschenbuch.de/sites/default/files/cover/ltb_1.NA_065.jpg,ltb_1.NA_065.jpg
196,https://www.lustiges-taschenbuch.de/sites/default/files/cover/ltb_1.NA_066.jpg,ltb_1.NA_066.jpg
197,https://www.lustiges-taschenbuch.de/sites/default/files/cover/ltb_066.jpg,ltb_066.jpg
198,https://www.lustiges-taschenbuch.de/sites/default/files/cover/ltb_EA_066.jpg,ltb_EA_066.jpg
199,https://www.lustiges-taschenbuch.de/sites/default/files/cover/ltb_067.jpg,ltb_067.jpg
200,https://www.lustiges-taschenbuch.de/sites/default/files/cover/ltb_EA_067.jpg,ltb_EA_067.jpg
201,https://www.lustiges-taschenbuch.de/sites/default/files/cover/ltb_1.NA_067.jpg,ltb_1.NA_067.jpg
202,https://www.lustiges-taschenbuch.de/sites/default/files/cover/ltb_068.jpg,ltb_068.jpg
203,https://www.lustiges-taschenbuch.de/sites/default/files/cover/ltb_EA_068.jpg,ltb_EA_068.jpg
204,https://www.lustiges-taschenbuch.de/sites/default/files/cover/ltb_1.NA_068.jpg,ltb_1.NA_068.jpg
205,https://www.lustiges-taschenbuch.de/sites/default/files/cover/ltb_069.jpg,ltb_069.jpg
206,https://www.lustiges-taschenbuch.de/sites/default/files/cover/ltb_EA_069.jpg,ltb_EA_069.jpg
207,https://www.lustiges-taschenbuch.de/sites/default/files/cover/ltb_1.NA_069.jpg,ltb_1.NA_069.jpg
208,https://www.lustiges-taschenbuch.de/sites/default/files/cover/ltb_1.NA_070.jpg,ltb_1.NA_070.jpg
209,https://www.lustiges-taschenbuch.de/sites/default/files/cover/ltb_070.jpg,ltb_070.jpg
210,https://www.lustiges-taschenbuch.de/sites/default/files/cover/ltb_EA_070.jpg,ltb_EA_070.jpg
211,https://www.lustiges-taschenbuch.de/sites/default/files/cover/ltb_071.jpg,ltb_071.jpg
212,https://www.lustiges-taschenbuch.de/sites/default/files/cover/ltb_EA_071.jpg,ltb_EA_071.jpg
213,https://www.lustiges-taschenbuch.de/sites/default/files/cover/ltb_1.NA_071.jpg,ltb_1.NA_071.jpg
214,https://www.lustiges-taschenbuch.de/sites/default/files/cover/ltb_072.jpg,ltb_072.jpg
215,https://www.lustiges-taschenbuch.de/sites/default/files/cover/ltb_EA_072.jpg,ltb_EA_072.jpg
216,https://www.lustiges-taschenbuch.de/sites/default/files/cover/ltb_1.NA_072.jpg,ltb_1.NA_072.jpg
217,https://www.lustiges-taschenbuch.de/sites/default/files/cover/ltb_073.jpg,ltb_073.jpg
218,https://www.lustiges-taschenbuch.de/sites/default/files/cover/ltb_EA_073.jpg,ltb_EA_073.jpg
219,https://www.lustiges-taschenbuch.de/sites/default/files/cover/ltb_1.NA_073.jpg,ltb_1.NA_073.jpg
220,https://www.lustiges-taschenbuch.de/sites/default/files/cover/ltb_074.jpg,ltb_074.jpg
221,https://www.lustiges-taschenbuch.de/sites/default/files/cover/ltb_EA_074.jpg,ltb_EA_074.jpg
222,https://www.lustiges-taschenbuch.de/sites/default/files/cover/ltb_1.NA_074.jpg,ltb_1.NA_074.jpg
223,https://www.lustiges-taschenbuch.de/sites/default/files/cover/ltb_075.jpg,ltb_075.jpg
224,https://www.lustiges-taschenbuch.de/sites/default/files/cover/ltb_EA_075.jpg,ltb_EA_075.jpg
225,https://www.lustiges-taschenbuch.de/sites/default/files/cover/ltb_1.NA_075.jpg,ltb_1.NA_075.jpg
226,https://www.lustiges-taschenbuch.de/sites/default/files/cover/ltb_076.jpg,ltb_076.jpg
227,https://www.lustiges-taschenbuch.de/sites/default/files/cover/ltb_EA_076.jpg,ltb_EA_076.jpg
228,https://www.lustiges-taschenbuch.de/sites/default/files/cover/ltb_1.NA_076.jpg,ltb_1.NA_076.jpg
229,https://www.lustiges-taschenbuch.de/sites/default/files/cover/ltb_077.jpg,ltb_077.jpg
230,https://www.lustiges-taschenbuch.de/sites/default/files/cover/ltb_EA_077.jpg,ltb_EA_077.jpg
231,https://www.lustiges-taschenbuch.de/sites/default/files/cover/ltb_1.NA_077.jpg,ltb_1.NA_077.jpg
232,https://www.lustiges-taschenbuch.de/sites/default/files/cover/ltb_078.jpg,ltb_078.jpg
233,https://www.lustiges-taschenbuch.de/sites/default/files/cover/ltb_EA_078.jpg,ltb_EA_078.jpg
234,https://www.lustiges-taschenbuch.de/sites/default/files/cover/ltb_1.NA_078.jpg,ltb_1.NA_078.jpg
235,https://www.lustiges-taschenbuch.de/sites/default/files/cover/ltb_079.jpg,ltb_079.jpg
236,https://www.lustiges-taschenbuch.de/sites/default/files/cover/ltb_EA_079.jpg,ltb_EA_079.jpg
237,https://www.lustiges-taschenbuch.de/sites/default/files/cover/ltb_1.NA_079.jpg,ltb_1.NA_079.jpg
238,https://www.lustiges-taschenbuch.de/sites/default/files/cover/ltb_080.jpg,ltb_080.jpg
239,https://www.lustiges-taschenbuch.de/sites/default/files/cover/ltb_EA_080.jpg,ltb_EA_080.jpg
240,https://www.lustiges-taschenbuch.de/sites/default/files/cover/ltb_1.NA_080.jpg,ltb_1.NA_080.jpg
241,https://www.lustiges-taschenbuch.de/sites/default/files/cover/ltb_081.jpg,ltb_081.jpg
242,https://www.lustiges-taschenbuch.de/sites/default/files/cover/ltb_EA_081.jpg,ltb_EA_081.jpg
243,https://www.lustiges-taschenbuch.de/sites/default/files/cover/ltb_1.NA_081.jpg,ltb_1.NA_081.jpg
244,https://www.lustiges-taschenbuch.de/sites/default/files/cover/ltb_082.jpg,ltb_082.jpg
245,https://www.lustiges-taschenbuch.de/sites/default/files/cover/ltb_EA_082.jpg,ltb_EA_082.jpg
246,https://www.lustiges-taschenbuch.de/sites/default/files/cover/ltb_1.NA_082.jpg,ltb_1.NA_082.jpg
247,https://www.lustiges-taschenbuch.de/sites/default/files/cover/ltb_083.jpg,ltb_083.jpg
248,https://www.lustiges-taschenbuch.de/sites/default/files/cover/ltb_EA_083.jpg,ltb_EA_083.jpg
249,https://www.lustiges-taschenbuch.de/sites/default/files/cover/ltb_1.NA_083.jpg,ltb_1.NA_083.jpg
250,https://www.lustiges-taschenbuch.de/sites/default/files/cover/ltb_084.jpg,ltb_084.jpg
251,https://www.lustiges-taschenbuch.de/sites/default/files/cover/ltb_EA_084.jpg,ltb_EA_084.jpg
252,https://www.lustiges-taschenbuch.de/sites/default/files/cover/ltb_1.NA_084.jpg,ltb_1.NA_084.jpg
253,https://www.lustiges-taschenbuch.de/sites/default/files/cover/ltb_085.jpg,ltb_085.jpg
254,https://www.lustiges-taschenbuch.de/sites/default/files/cover/ltb_EA_085.jpg,ltb_EA_085.jpg
255,https://www.lustiges-taschenbuch.de/sites/default/files/cover/ltb_1.NA_085.jpg,ltb_1.NA_085.jpg
256,https://www.lustiges-taschenbuch.de/sites/default/files/cover/ltb_086.jpg,ltb_086.jpg
257,https://www.lustiges-taschenbuch.de/sites/default/files/cover/ltb_EA_086.jpg,ltb_EA_086.jpg
258,https://www.lustiges-taschenbuch.de/sites/default/files/cover/ltb_1.NA_086.jpg,ltb_1.NA_086.jpg
259,https://www.lustiges-taschenbuch.de/sites/default/files/cover/ltb_087.jpg,ltb_087.jpg
260,https://www.lustiges-taschenbuch.de/sites/default/files/cover/ltb_EA_087.jpg,ltb_EA_087.jpg
261,https://www.lustiges-taschenbuch.de/sites/default/files/cover/ltb_1.NA_087.jpg,ltb_1.NA_087.jpg
262,https://www.lustiges-taschenbuch.de/sites/default/files/cover/ltb_088.jpg,ltb_088.jpg
263,https://www.lustiges-taschenbuch.de/sites/default/files/cover/ltb_EA_088.jpg,ltb_EA_088.jpg
264,https://www.lustiges-taschenbuch.de/sites/default/files/cover/ltb_1.NA_088.jpg,ltb_1.NA_088.jpg
265,https://www.lustiges-taschenbuch.de/sites/default/files/cover/ltb_089.jpg,ltb_089.jpg
266,https://www.lustiges-taschenbuch.de/sites/default/files/cover/ltb_EA_089.jpg,ltb_EA_089.jpg
267,https://www.lustiges-taschenbuch.de/sites/default/files/cover/ltb_1.NA_089.jpg,ltb_1.NA_089.jpg
268,https://www.lustiges-taschenbuch.de/sites/default/files/cover/ltb_090.jpg,ltb_090.jpg
269,https://www.lustiges-taschenbuch.de/sites/default/files/cover/ltb_EA_090.jpg,ltb_EA_090.jpg
270,https://www.lustiges-taschenbuch.de/sites/default/files/cover/ltb_1.NA_090.jpg,ltb_1.NA_090.jpg
271,https://www.lustiges-taschenbuch.de/sites/default/files/cover/ltb_091.jpg,ltb_091.jpg
272,https://www.lustiges-taschenbuch.de/sites/default/files/cover/ltb_EA_091.jpg,ltb_EA_091.jpg
273,https://www.lustiges-taschenbuch.de/sites/default/files/cover/ltb_1.NA_091.jpg,ltb_1.NA_091.jpg
274,https://www.lustiges-taschenbuch.de/sites/default/files/cover/ltb_092.jpg,ltb_092.jpg
275,https://www.lustiges-taschenbuch.de/sites/default/files/cover/ltb_EA_092.jpg,ltb_EA_092.jpg
276,https://www.lustiges-taschenbuch.de/sites/default/files/cover/ltb_1.NA_092.jpg,ltb_1.NA_092.jpg
277,https://www.lustiges-taschenbuch.de/sites/default/files/cover/ltb_093.jpg,ltb_093.jpg
278,https://www.lustiges-taschenbuch.de/sites/default/files/cover/ltb_EA_093.jpg,ltb_EA_093.jpg
279,https://www.lustiges-taschenbuch.de/sites/default/files/cover/ltb_1.NA_093.jpg,ltb_1.NA_093.jpg
280,https://www.lustiges-taschenbuch.de/sites/default/files/cover/ltb_1.NA_094.jpg,ltb_1.NA_094.jpg
281,https://www.lustiges-taschenbuch.de/sites/default/files/cover/ltb_094.jpg,ltb_094.jpg
282,https://www.lustiges-taschenbuch.de/sites/default/files/cover/ltb_EA_094.jpg,ltb_EA_094.jpg
283,https://www.lustiges-taschenbuch.de/sites/default/files/cover/ltb_095.jpg,ltb_095.jpg
284,https://www.lustiges-taschenbuch.de/sites/default/files/cover/ltb_EA_095.jpg,ltb_EA_095.jpg
285,https://www.lustiges-taschenbuch.de/sites/default/files/cover/ltb_1.NA_095.jpg,ltb_1.NA_095.jpg
286,https://www.lustiges-taschenbuch.de/sites/default/files/cover/ltb_096.jpg,ltb_096.jpg
287,https://www.lustiges-taschenbuch.de/sites/default/files/cover/ltb_EA_096.jpg,ltb_EA_096.jpg
288,https://www.lustiges-taschenbuch.de/sites/default/files/cover/ltb_1.NA_096.jpg,ltb_1.NA_096.jpg
289,https://www.lustiges-taschenbuch.de/sites/default/files/cover/ltb_097.jpg,ltb_097.jpg
290,https://www.lustiges-taschenbuch.de/sites/default/files/cover/ltb_EA_097.jpg,ltb_EA_097.jpg
291,https://www.lustiges-taschenbuch.de/sites/default/files/cover/ltb_1.NA_097.jpg,ltb_1.NA_097.jpg
292,https://www.lustiges-taschenbuch.de/sites/default/files/cover/ltb_098.jpg,ltb_098.jpg
293,https://www.lustiges-taschenbuch.de/sites/default/files/cover/ltb_EA_098.jpg,ltb_EA_098.jpg
294,https://www.lustiges-taschenbuch.de/sites/default/files/cover/ltb_1.NA_098.jpg,ltb_1.NA_098.jpg
295,https://www.lustiges-taschenbuch.de/sites/default/files/cover/ltb_099.jpg,ltb_099.jpg
296,https://www.lustiges-taschenbuch.de/sites/default/files/cover/ltb_EA_099.jpg,ltb_EA_099.jpg
297,https://www.lustiges-taschenbuch.de/sites/default/files/cover/ltb_1.NA_099.jpg,ltb_1.NA_099.jpg
298,https://www.lustiges-taschenbuch.de/sites/default/files/cover/ltb_100.jpg,ltb_100.jpg
299,https://www.lustiges-taschenbuch.de/sites/default/files/cover/ltb_EA_100.jpg,ltb_EA_100.jpg
300,https://www.lustiges-taschenbuch.de/sites/default/files/cover/ltb_1.NA_100.jpg,ltb_1.NA_100.jpg
301,https://www.lustiges-taschenbuch.de/sites/default/files/cover/ltb_101.jpg,ltb_101.jpg
302,https://www.lustiges-taschenbuch.de/sites/default/files/cover/ltb_EA_101.jpg,ltb_EA_101.jpg
303,https://www.lustiges-taschenbuch.de/sites/default/files/cover/ltb_1.NA_101.jpg,ltb_1.NA_101.jpg
304,https://www.lustiges-taschenbuch.de/sites/default/files/cover/ltb_102.jpg,ltb_102.jpg
305,https://www.lustiges-taschenbuch.de/sites/default/files/cover/ltb_EA_102.jpg,ltb_EA_102.jpg
306,https://www.lustiges-taschenbuch.de/sites/default/files/cover/ltb_1.NA_102.jpg,ltb_1.NA_102.jpg
307,https://www.lustiges-taschenbuch.de/sites/default/files/cover/ltb_103.jpg,ltb_103.jpg
308,https://www.lustiges-taschenbuch.de/sites/default/files/cover/ltb_EA_103.jpg,ltb_EA_103.jpg
309,https://www.lustiges-taschenbuch.de/sites/default/files/cover/ltb_1.NA_103.jpg,ltb_1.NA_103.jpg
310,https://www.lustiges-taschenbuch.de/sites/default/files/cover/ltb_1.NA_104.jpg,ltb_1.NA_104.jpg
311,https://www.lustiges-taschenbuch.de/sites/default/files/cover/ltb_104.jpg,ltb_104.jpg
312,https://www.lustiges-taschenbuch.de/sites/default/files/cover/ltb_EA_104.jpg,ltb_EA_104.jpg
313,https://www.lustiges-taschenbuch.de/sites/default/files/cover/ltb_105.jpg,ltb_105.jpg
314,https://www.lustiges-taschenbuch.de/sites/default/files/cover/ltb_EA_105.jpg,ltb_EA_105.jpg
315,https://www.lustiges-taschenbuch.de/sites/default/files/cover/ltb_1.NA_105.jpg,ltb_1.NA_105.jpg
316,https://www.lustiges-taschenbuch.de/sites/default/files/cover/ltb_106.jpg,ltb_106.jpg
317,https://www.lustiges-taschenbuch.de/sites/default/files/cover/ltb_EA_106.jpg,ltb_EA_106.jpg
318,https://www.lustiges-taschenbuch.de/sites/default/files/cover/ltb_1.NA_106.jpg,ltb_1.NA_106.jpg
319,https://www.lustiges-taschenbuch.de/sites/default/files/cover/ltb_107.jpg,ltb_107.jpg
320,https://www.lustiges-taschenbuch.de/sites/default/files/cover/ltb_EA_107.jpg,ltb_EA_107.jpg
321,https://www.lustiges-taschenbuch.de/sites/default/files/cover/ltb_1.NA_107.jpg,ltb_1.NA_107.jpg
322,https://www.lustiges-taschenbuch.de/sites/default/files/cover/ltb_1.NA_108.jpg,ltb_1.NA_108.jpg
323,https://www.lustiges-taschenbuch.de/sites/default/files/cover/ltb_108.jpg,ltb_108.jpg
324,https://www.lustiges-taschenbuch.de/sites/default/files/cover/ltb_EA_108.jpg,ltb_EA_108.jpg
325,https://www.lustiges-taschenbuch.de/sites/default/files/cover/ltb_109.jpg,ltb_109.jpg
326,https://www.lustiges-taschenbuch.de/sites/default/files/cover/ltb_EA_109.jpg,ltb_EA_109.jpg
327,https://www.lustiges-taschenbuch.de/sites/default/files/cover/ltb_1.NA_109.jpg,ltb_1.NA_109.jpg
328,https://www.lustiges-taschenbuch.de/sites/default/files/cover/ltb_110.jpg,ltb_110.jpg
329,https://www.lustiges-taschenbuch.de/sites/default/files/cover/ltb_EA_110.jpg,ltb_EA_110.jpg
330,https://www.lustiges-taschenbuch.de/sites/default/files/cover/ltb_1.NA_110.jpg,ltb_1.NA_110.jpg
331,https://www.lustiges-taschenbuch.de/sites/default/files/cover/ltb_111.jpg,ltb_111.jpg
332,https://www.lustiges-taschenbuch.de/sites/default/files/cover/ltb_EA_111.jpg,ltb_EA_111.jpg
333,https://www.lustiges-taschenbuch.de/sites/default/files/cover/ltb_1.NA_111.jpg,ltb_1.NA_111.jpg
334,https://www.lustiges-taschenbuch.de/sites/default/files/cover/ltb_112.jpg,ltb_112.jpg
335,https://www.lustiges-taschenbuch.de/sites/default/files/cover/ltb_EA_112.jpg,ltb_EA_112.jpg
336,https://www.lustiges-taschenbuch.de/sites/default/files/cover/ltb_1.NA_112.jpg,ltb_1.NA_112.jpg
337,https://www.lustiges-taschenbuch.de/sites/default/files/cover/ltb_113.jpg,ltb_113.jpg
338,https://www.lustiges-taschenbuch.de/sites/default/files/cover/ltb_EA_113.jpg,ltb_EA_113.jpg
339,https://www.lustiges-taschenbuch.de/sites/default/files/cover/ltb_1.NA_113.jpg,ltb_1.NA_113.jpg
340,https://www.lustiges-taschenbuch.de/sites/default/files/cover/ltb_114.jpg,ltb_114.jpg
341,https://www.lustiges-taschenbuch.de/sites/default/files/cover/ltb_EA_114.jpg,ltb_EA_114.jpg
342,https://www.lustiges-taschenbuch.de/sites/default/files/cover/ltb_1.NA_114.jpg,ltb_1.NA_114.jpg
343,https://www.lustiges-taschenbuch.de/sites/default/files/cover/ltb_115.jpg,ltb_115.jpg
344,https://www.lustiges-taschenbuch.de/sites/default/files/cover/ltb_EA_115.jpg,ltb_EA_115.jpg
345,https://www.lustiges-taschenbuch.de/sites/default/files/cover/ltb_1.NA_115.jpg,ltb_1.NA_115.jpg
346,https://www.lustiges-taschenbuch.de/sites/default/files/cover/ltb_1.NA_116.jpg,ltb_1.NA_116.jpg
347,https://www.lustiges-taschenbuch.de/sites/default/files/cover/ltb_116.jpg,ltb_116.jpg
348,https://www.lustiges-taschenbuch.de/sites/default/files/cover/ltb_EA_116.jpg,ltb_EA_116.jpg
349,https://www.lustiges-taschenbuch.de/sites/default/files/cover/ltb_117.jpg,ltb_117.jpg
350,https://www.lustiges-taschenbuch.de/sites/default/files/cover/ltb_EA_117.jpg,ltb_EA_117.jpg
351,https://www.lustiges-taschenbuch.de/sites/default/files/cover/ltb_1.NA_117.jpg,ltb_1.NA_117.jpg
352,https://www.lustiges-taschenbuch.de/sites/default/files/cover/ltb_118.jpg,ltb_118.jpg
353,https://www.lustiges-taschenbuch.de/sites/default/files/cover/ltb_EA_118.jpg,ltb_EA_118.jpg
354,https://www.lustiges-taschenbuch.de/sites/default/files/cover/ltb_1.NA_118.jpg,ltb_1.NA_118.jpg
355,https://www.lustiges-taschenbuch.de/sites/default/files/cover/ltb_119.jpg,ltb_119.jpg
356,https://www.lustiges-taschenbuch.de/sites/default/files/cover/ltb_1.NA_119_0.jpg,ltb_1.NA_119_0.jpg
357,https://www.lustiges-taschenbuch.de/sites/default/files/cover/ltb_120.jpg,ltb_120.jpg
358,https://www.lustiges-taschenbuch.de/sites/default/files/cover/ltb_1.NA_120_0.jpg,ltb_1.NA_120_0.jpg
359,https://www.lustiges-taschenbuch.de/sites/default/files/cover/ltb_121.jpg,ltb_121.jpg
360,https://www.lustiges-taschenbuch.de/sites/default/files/cover/ltb_1.NA_121_0.jpg,ltb_1.NA_121_0.jpg
361,https://www.lustiges-taschenbuch.de/sites/default/files/cover/ltb_122.jpg,ltb_122.jpg
362,https://www.lustiges-taschenbuch.de/sites/default/files/cover/ltb_1.NA_122_0.jpg,ltb_1.NA_122_0.jpg
363,https://www.lustiges-taschenbuch.de/sites/default/files/cover/ltb_123.jpg,ltb_123.jpg
364,https://www.lustiges-taschenbuch.de/sites/default/files/cover/ltb_1.NA_123_0.jpg,ltb_1.NA_123_0.jpg
365,https://www.lustiges-taschenbuch.de/sites/default/files/cover/ltb_124.jpg,ltb_124.jpg
366,https://www.lustiges-taschenbuch.de/sites/default/files/cover/ltb_1.NA_124_0.jpg,ltb_1.NA_124_0.jpg
367,https://www.lustiges-taschenbuch.de/sites/default/files/cover/ltb_125.jpg,ltb_125.jpg
368,https://www.lustiges-taschenbuch.de/sites/default/files/cover/ltb_1.NA_125_0.jpg,ltb_1.NA_125_0.jpg
369,https://www.lustiges-taschenbuch.de/sites/default/files/cover/ltb_126.jpg,ltb_126.jpg
370,https://www.lustiges-taschenbuch.de/sites/default/files/cover/ltb_1.NA_126.jpg,ltb_1.NA_126.jpg
371,https://www.lustiges-taschenbuch.de/sites/default/files/cover/ltb_127.jpg,ltb_127.jpg
372,https://www.lustiges-taschenbuch.de/sites/default/files/cover/ltb_1.NA_127.jpg,ltb_1.NA_127.jpg
373,https://www.lustiges-taschenbuch.de/sites/default/files/cover/ltb_128.jpg,ltb_128.jpg
374,https://www.lustiges-taschenbuch.de/sites/default/files/cover/ltb_1.NA_128.jpg,ltb_1.NA_128.jpg
375,https://www.lustiges-taschenbuch.de/sites/default/files/cover/ltb_129.jpg,ltb_129.jpg
376,https://www.lustiges-taschenbuch.de/sites/default/files/cover/ltb_1.NA_129.jpg,ltb_1.NA_129.jpg
377,https://www.lustiges-taschenbuch.de/sites/default/files/cover/ltb_130.jpg,ltb_130.jpg
378,https://www.lustiges-taschenbuch.de/sites/default/files/cover/ltb_1.NA_130.jpg,ltb_1.NA_130.jpg
379,https://www.lustiges-taschenbuch.de/sites/default/files/cover/ltb_131.jpg,ltb_131.jpg
380,https://www.lustiges-taschenbuch.de/sites/default/files/cover/ltb_1.NA_131.jpg,ltb_1.NA_131.jpg
381,https://www.lustiges-taschenbuch.de/sites/default/files/cover/ltb_132.jpg,ltb_132.jpg
382,https://www.lustiges-taschenbuch.de/sites/default/files/cover/ltb_1.NA_132.jpg,ltb_1.NA_132.jpg
383,https://www.lustiges-taschenbuch.de/sites/default/files/cover/ltb_133.jpg,ltb_133.jpg
384,https://www.lustiges-taschenbuch.de/sites/default/files/cover/ltb_1.NA_133.jpg,ltb_1.NA_133.jpg
385,https://www.lustiges-taschenbuch.de/sites/default/files/cover/ltb_134.jpg,ltb_134.jpg
386,https://www.lustiges-taschenbuch.de/sites/default/files/cover/ltb_1.NA_134.jpg,ltb_1.NA_134.jpg
387,https://www.lustiges-taschenbuch.de/sites/default/files/cover/ltb_135.jpg,ltb_135.jpg
388,https://www.lustiges-taschenbuch.de/sites/default/files/cover/ltb_1.NA_135.jpg,ltb_1.NA_135.jpg
389,https://www.lustiges-taschenbuch.de/sites/default/files/cover/ltb_136.jpg,ltb_136.jpg
390,https://www.lustiges-taschenbuch.de/sites/default/files/cover/ltb_1.NA_136.jpg,ltb_1.NA_136.jpg
391,https://www.lustiges-taschenbuch.de/sites/default/files/cover/ltb_137.jpg,ltb_137.jpg
392,https://www.lustiges-taschenbuch.de/sites/default/files/cover/ltb_1.NA_137.jpg,ltb_1.NA_137.jpg
393,https://www.lustiges-taschenbuch.de/sites/default/files/cover/ltb_138.jpg,ltb_138.jpg
394,https://www.lustiges-taschenbuch.de/sites/default/files/cover/ltb_1.NA_138.jpg,ltb_1.NA_138.jpg
395,https://www.lustiges-taschenbuch.de/sites/default/files/cover/ltb_139.jpg,ltb_139.jpg
396,https://www.lustiges-taschenbuch.de/sites/default/files/cover/ltb_1.NA_139.jpg,ltb_1.NA_139.jpg
397,https://www.lustiges-taschenbuch.de/sites/default/files/cover/ltb_141.jpg,ltb_141.jpg
398,https://www.lustiges-taschenbuch.de/sites/default/files/cover/ltb_1.NA_141.jpg,ltb_1.NA_141.jpg
399,https://www.lustiges-taschenbuch.de/sites/default/files/cover/ltb_142.jpg,ltb_142.jpg
400,https://www.lustiges-taschenbuch.de/sites/default/files/cover/ltb_1.NA_142.jpg,ltb_1.NA_142.jpg
401,https://www.lustiges-taschenbuch.de/sites/default/files/cover/ltb_143.jpg,ltb_143.jpg
402,https://www.lustiges-taschenbuch.de/sites/default/files/cover/ltb_1.NA_143.jpg,ltb_1.NA_143.jpg
403,https://www.lustiges-taschenbuch.de/sites/default/files/cover/ltb_144.jpg,ltb_144.jpg
404,https://www.lustiges-taschenbuch.de/sites/default/files/cover/ltb_1.NA_144.jpg,ltb_1.NA_144.jpg
405,https://www.lustiges-taschenbuch.de/sites/default/files/cover/ltb_145.jpg,ltb_145.jpg
406,https://www.lustiges-taschenbuch.de/sites/default/files/cover/ltb_1.NA_145.jpg,ltb_1.NA_145.jpg
407,https://www.lustiges-taschenbuch.de/sites/default/files/cover/ltb_146.jpg,ltb_146.jpg
408,https://www.lustiges-taschenbuch.de/sites/default/files/cover/ltb_1.NA_146.jpg,ltb_1.NA_146.jpg
409,https://www.lustiges-taschenbuch.de/sites/default/files/cover/ltb_147.jpg,ltb_147.jpg
410,https://www.lustiges-taschenbuch.de/sites/default/files/cover/ltb_1.NA_147.jpg,ltb_1.NA_147.jpg
411,https://www.lustiges-taschenbuch.de/sites/default/files/cover/ltb_148.jpg,ltb_148.jpg
412,https://www.lustiges-taschenbuch.de/sites/default/files/cover/ltb_1.NA_148.jpg,ltb_1.NA_148.jpg
413,https://www.lustiges-taschenbuch.de/sites/default/files/cover/ltb_149.jpg,ltb_149.jpg
414,https://www.lustiges-taschenbuch.de/sites/default/files/cover/ltb_1.NA_149.jpg,ltb_1.NA_149.jpg
415,https://www.lustiges-taschenbuch.de/sites/default/files/cover/ltb_150.jpg,ltb_150.jpg
416,https://www.lustiges-taschenbuch.de/sites/default/files/cover/ltb_1.NA_150.jpg,ltb_1.NA_150.jpg
417,https://www.lustiges-taschenbuch.de/sites/default/files/cover/ltb_151.jpg,ltb_151.jpg
418,https://www.lustiges-taschenbuch.de/sites/default/files/cover/ltb_1.NA_151.jpg,ltb_1.NA_151.jpg
419,https://www.lustiges-taschenbuch.de/sites/default/files/cover/ltb_152.jpg,ltb_152.jpg
420,https://www.lustiges-taschenbuch.de/sites/default/files/cover/ltb_1.NA_152.jpg,ltb_1.NA_152.jpg
421,https://www.lustiges-taschenbuch.de/sites/default/files/cover/ltb_153.jpg,ltb_153.jpg
422,https://www.lustiges-taschenbuch.de/sites/default/files/cover/ltb_1.NA_153.jpg,ltb_1.NA_153.jpg
423,https://www.lustiges-taschenbuch.de/sites/default/files/cover/ltb_154.jpg,ltb_154.jpg
424,https://www.lustiges-taschenbuch.de/sites/default/files/cover/ltb_1.NA_154.jpg,ltb_1.NA_154.jpg
425,https://www.lustiges-taschenbuch.de/sites/default/files/cover/ltb_155.jpg,ltb_155.jpg
426,https://www.lustiges-taschenbuch.de/sites/default/files/cover/ltb_1.NA_155.jpg,ltb_1.NA_155.jpg
427,https://www.lustiges-taschenbuch.de/sites/default/files/cover/ltb_156.jpg,ltb_156.jpg
428,https://www.lustiges-taschenbuch.de/sites/default/files/cover/ltb_1.NA_156.jpg,ltb_1.NA_156.jpg
429,https://www.lustiges-taschenbuch.de/sites/default/files/cover/ltb_157.jpg,ltb_157.jpg
430,https://www.lustiges-taschenbuch.de/sites/default/files/cover/ltb_1.NA_157.jpg,ltb_1.NA_157.jpg
431,https://www.lustiges-taschenbuch.de/sites/default/files/cover/ltb_158.jpg,ltb_158.jpg
432,https://www.lustiges-taschenbuch.de/sites/default/files/cover/ltb_1.NA_158.jpg,ltb_1.NA_158.jpg
433,https://www.lustiges-taschenbuch.de/sites/default/files/cover/ltb_159.jpg,ltb_159.jpg
434,https://www.lustiges-taschenbuch.de/sites/default/files/cover/ltb_1.NA_159.jpg,ltb_1.NA_159.jpg
435,https://www.lustiges-taschenbuch.de/sites/default/files/cover/ltb_160.jpg,ltb_160.jpg
436,https://www.lustiges-taschenbuch.de/sites/default/files/cover/ltb_1.NA_160.jpg,ltb_1.NA_160.jpg
437,https://www.lustiges-taschenbuch.de/sites/default/files/cover/ltb_161.jpg,ltb_161.jpg
438,https://www.lustiges-taschenbuch.de/sites/default/files/cover/ltb_1.NA_161.jpg,ltb_1.NA_161.jpg
439,https://www.lustiges-taschenbuch.de/sites/default/files/cover/ltb_162.jpg,ltb_162.jpg
440,https://www.lustiges-taschenbuch.de/sites/default/files/cover/ltb_1.NA_162.jpg,ltb_1.NA_162.jpg
441,https://www.lustiges-taschenbuch.de/sites/default/files/cover/ltb_163.jpg,ltb_163.jpg
442,https://www.lustiges-taschenbuch.de/sites/default/files/cover/ltb_1.NA_163.jpg,ltb_1.NA_163.jpg
443,https://www.lustiges-taschenbuch.de/sites/default/files/cover/ltb_164.jpg,ltb_164.jpg
444,https://www.lustiges-taschenbuch.de/sites/default/files/cover/ltb_1.NA_164.jpg,ltb_1.NA_164.jpg
445,https://www.lustiges-taschenbuch.de/sites/default/files/cover/ltb_165.jpg,ltb_165.jpg
446,https://www.lustiges-taschenbuch.de/sites/default/files/cover/ltb_1.NA_165.jpg,ltb_1.NA_165.jpg
447,https://www.lustiges-taschenbuch.de/sites/default/files/cover/ltb_166.jpg,ltb_166.jpg
448,https://www.lustiges-taschenbuch.de/sites/default/files/cover/ltb_1.NA_166.jpg,ltb_1.NA_166.jpg
449,https://www.lustiges-taschenbuch.de/sites/default/files/cover/ltb_167.jpg,ltb_167.jpg
450,https://www.lustiges-taschenbuch.de/sites/default/files/cover/ltb_1.NA_167.jpg,ltb_1.NA_167.jpg
451,https://www.lustiges-taschenbuch.de/sites/default/files/cover/ltb_168.jpg,ltb_168.jpg
452,https://www.lustiges-taschenbuch.de/sites/default/files/cover/ltb_1.NA_168.jpg,ltb_1.NA_168.jpg
453,https://www.lustiges-taschenbuch.de/sites/default/files/cover/ltb_169.jpg,ltb_169.jpg
454,https://www.lustiges-taschenbuch.de/sites/default/files/cover/ltb_1.NA_169.jpg,ltb_1.NA_169.jpg
455,https://www.lustiges-taschenbuch.de/sites/default/files/cover/ltb_170.jpg,ltb_170.jpg
456,https://www.lustiges-taschenbuch.de/sites/default/files/cover/ltb_1.NA_170.jpg,ltb_1.NA_170.jpg
457,https://www.lustiges-taschenbuch.de/sites/default/files/cover/ltb_171.jpg,ltb_171.jpg
458,https://www.lustiges-taschenbuch.de/sites/default/files/cover/ltb_1.NA_171.jpg,ltb_1.NA_171.jpg
459,https://www.lustiges-taschenbuch.de/sites/default/files/cover/ltb_172.jpg,ltb_172.jpg
460,https://www.lustiges-taschenbuch.de/sites/default/files/cover/ltb_1.NA_172.jpg,ltb_1.NA_172.jpg
461,https://www.lustiges-taschenbuch.de/sites/default/files/cover/ltb_173.jpg,ltb_173.jpg
462,https://www.lustiges-taschenbuch.de/sites/default/files/cover/ltb_1.NA_173.jpg,ltb_1.NA_173.jpg
463,https://www.lustiges-taschenbuch.de/sites/default/files/cover/ltb_174.jpg,ltb_174.jpg
464,https://www.lustiges-taschenbuch.de/sites/default/files/cover/ltb_1.NA_174.jpg,ltb_1.NA_174.jpg
465,https://www.lustiges-taschenbuch.de/sites/default/files/cover/ltb_175.jpg,ltb_175.jpg
466,https://www.lustiges-taschenbuch.de/sites/default/files/cover/ltb_1.NA_175.jpg,ltb_1.NA_175.jpg
467,https://www.lustiges-taschenbuch.de/sites/default/files/cover/ltb_176.jpg,ltb_176.jpg
468,https://www.lustiges-taschenbuch.de/sites/default/files/cover/ltb_1.NA_176.jpg,ltb_1.NA_176.jpg
469,https://www.lustiges-taschenbuch.de/sites/default/files/cover/ltb_177.jpg,ltb_177.jpg
470,https://www.lustiges-taschenbuch.de/sites/default/files/cover/ltb_1.NA_177.jpg,ltb_1.NA_177.jpg
471,https://www.lustiges-taschenbuch.de/sites/default/files/cover/ltb_178.jpg,ltb_178.jpg
472,https://www.lustiges-taschenbuch.de/sites/default/files/cover/ltb_1.NA_178.jpg,ltb_1.NA_178.jpg
473,https://www.lustiges-taschenbuch.de/sites/default/files/cover/ltb_179.jpg,ltb_179.jpg
474,https://www.lustiges-taschenbuch.de/sites/default/files/cover/ltb_1.NA_179.jpg,ltb_1.NA_179.jpg
475,https://www.lustiges-taschenbuch.de/sites/default/files/cover/ltb_180.jpg,ltb_180.jpg
476,https://www.lustiges-taschenbuch.de/sites/default/files/cover/ltb_1.NA_180.jpg,ltb_1.NA_180.jpg
477,https://www.lustiges-taschenbuch.de/sites/default/files/cover/ltb_181.jpg,ltb_181.jpg
478,https://www.lustiges-taschenbuch.de/sites/default/files/cover/ltb_1.NA_181.jpg,ltb_1.NA_181.jpg
479,https://www.lustiges-taschenbuch.de/sites/default/files/cover/ltb_182.jpg,ltb_182.jpg
480,https://www.lustiges-taschenbuch.de/sites/default/files/cover/ltb_1.NA_182.jpg,ltb_1.NA_182.jpg
481,https://www.lustiges-taschenbuch.de/sites/default/files/cover/ltb_183.jpg,ltb_183.jpg
482,https://www.lustiges-taschenbuch.de/sites/default/files/cover/ltb_1.NA_183.jpg,ltb_1.NA_183.jpg
483,https://www.lustiges-taschenbuch.de/sites/default/files/cover/ltb_184.jpg,ltb_184.jpg
484,https://www.lustiges-taschenbuch.de/sites/default/files/cover/ltb_1.NA_184.jpg,ltb_1.NA_184.jpg
485,https://www.lustiges-taschenbuch.de/sites/default/files/cover/ltb_185.jpg,ltb_185.jpg
486,https://www.lustiges-taschenbuch.de/sites/default/files/cover/ltb_1.NA_185.jpg,ltb_1.NA_185.jpg
487,https://www.lustiges-taschenbuch.de/sites/default/files/cover/ltb_186.jpg,ltb_186.jpg
488,https://www.lustiges-taschenbuch.de/sites/default/files/cover/ltb_1.NA_186.jpg,ltb_1.NA_186.jpg
489,https://www.lustiges-taschenbuch.de/sites/default/files/cover/ltb_187.jpg,ltb_187.jpg
490,https://www.lustiges-taschenbuch.de/sites/default/files/cover/ltb_1.NA_187.jpg,ltb_1.NA_187.jpg
491,https://www.lustiges-taschenbuch.de/sites/default/files/cover/ltb_188.jpg,ltb_188.jpg
492,https://www.lustiges-taschenbuch.de/sites/default/files/cover/ltb_1.NA_188.jpg,ltb_1.NA_188.jpg
493,https://www.lustiges-taschenbuch.de/sites/default/files/cover/ltb_189.jpg,ltb_189.jpg
494,https://www.lustiges-taschenbuch.de/sites/default/files/cover/ltb_1.NA_189.jpg,ltb_1.NA_189.jpg
495,https://www.lustiges-taschenbuch.de/sites/default/files/cover/ltb_190.jpg,ltb_190.jpg
496,https://www.lustiges-taschenbuch.de/sites/default/files/cover/ltb_1.NA_190.jpg,ltb_1.NA_190.jpg
497,https://www.lustiges-taschenbuch.de/sites/default/files/cover/ltb_191.jpg,ltb_191.jpg
498,https://www.lustiges-taschenbuch.de/sites/default/files/cover/ltb_1.NA_191.jpg,ltb_1.NA_191.jpg
499,https://www.lustiges-taschenbuch.de/sites/default/files/cover/ltb_192.jpg,ltb_192.jpg
500,https://www.lustiges-taschenbuch.de/sites/default/files/cover/ltb_1.NA_192.jpg,ltb_1.NA_192.jpg
501,https://www.lustiges-taschenbuch.de/sites/default/files/cover/ltb_194.jpg,ltb_194.jpg
502,https://www.lustiges-taschenbuch.de/sites/default/files/cover/ltb_1.NA_194.jpg,ltb_1.NA_194.jpg
503,https://www.lustiges-taschenbuch.de/sites/default/files/cover/ltb_195.jpg,ltb_195.jpg
504,https://www.lustiges-taschenbuch.de/sites/default/files/cover/ltb_1.NA_195.jpg,ltb_1.NA_195.jpg
505,https://www.lustiges-taschenbuch.de/sites/default/files/cover/ltb_196.jpg,ltb_196.jpg
506,https://www.lustiges-taschenbuch.de/sites/default/files/cover/ltb_1.NA_196.jpg,ltb_1.NA_196.jpg
507,https://www.lustiges-taschenbuch.de/sites/default/files/cover/ltb_197.jpg,ltb_197.jpg
508,https://www.lustiges-taschenbuch.de/sites/default/files/cover/ltb_1.NA_197.jpg,ltb_1.NA_197.jpg
509,https://www.lustiges-taschenbuch.de/sites/default/files/cover/ltb_198.jpg,ltb_198.jpg
510,https://www.lustiges-taschenbuch.de/sites/default/files/cover/ltb_1.NA_198.jpg,ltb_1.NA_198.jpg
511,https://www.lustiges-taschenbuch.de/sites/default/files/cover/ltb_199.jpg,ltb_199.jpg
512,https://www.lustiges-taschenbuch.de/sites/default/files/cover/ltb_1.NA_199.jpg,ltb_1.NA_199.jpg
513,https://www.lustiges-taschenbuch.de/sites/default/files/cover/ltb_200.jpg,ltb_200.jpg
514,https://www.lustiges-taschenbuch.de/sites/default/files/cover/ltb_1.NA_200.jpg,ltb_1.NA_200.jpg
515,https://www.lustiges-taschenbuch.de/sites/default/files/cover/ltb_201.jpg,ltb_201.jpg
516,https://www.lustiges-taschenbuch.de/sites/default/files/cover/ltb_1.NA_201.jpg,ltb_1.NA_201.jpg
517,https://www.lustiges-taschenbuch.de/sites/default/files/cover/ltb_202.jpg,ltb_202.jpg
518,https://www.lustiges-taschenbuch.de/sites/default/files/cover/ltb_1.NA_202.jpg,ltb_1.NA_202.jpg
519,https://www.lustiges-taschenbuch.de/sites/default/files/cover/ltb_203.jpg,ltb_203.jpg
520,https://www.lustiges-taschenbuch.de/sites/default/files/cover/ltb_1.NA_203.jpg,ltb_1.NA_203.jpg
521,https://www.lustiges-taschenbuch.de/sites/default/files/cover/ltb_1.NA_204.jpg,ltb_1.NA_204.jpg
522,https://www.lustiges-taschenbuch.de/sites/default/files/cover/ltb_204.jpg,ltb_204.jpg
523,https://www.lustiges-taschenbuch.de/sites/default/files/cover/ltb_205.jpg,ltb_205.jpg
524,https://www.lustiges-taschenbuch.de/sites/default/files/cover/ltb_1.NA_205.jpg,ltb_1.NA_205.jpg
525,https://www.lustiges-taschenbuch.de/sites/default/files/cover/ltb_206.jpg,ltb_206.jpg
526,https://www.lustiges-taschenbuch.de/sites/default/files/cover/ltb_1.NA_206.jpg,ltb_1.NA_206.jpg
527,https://www.lustiges-taschenbuch.de/sites/default/files/cover/ltb_207.jpg,ltb_207.jpg
528,https://www.lustiges-taschenbuch.de/sites/default/files/cover/ltb_1.NA_207.jpg,ltb_1.NA_207.jpg
529,https://www.lustiges-taschenbuch.de/sites/default/files/cover/ltb_208.jpg,ltb_208.jpg
530,https://www.lustiges-taschenbuch.de/sites/default/files/cover/ltb_1.NA_208.jpg,ltb_1.NA_208.jpg
531,https://www.lustiges-taschenbuch.de/sites/default/files/cover/ltb_209.jpg,ltb_209.jpg
532,https://www.lustiges-taschenbuch.de/sites/default/files/cover/ltb_1.NA_209.jpg,ltb_1.NA_209.jpg
533,https://www.lustiges-taschenbuch.de/sites/default/files/cover/ltb_211.jpg,ltb_211.jpg
534,https://www.lustiges-taschenbuch.de/sites/default/files/cover/ltb_1.NA_211.jpg,ltb_1.NA_211.jpg
535,https://www.lustiges-taschenbuch.de/sites/default/files/cover/ltb_212.jpg,ltb_212.jpg
536,https://www.lustiges-taschenbuch.de/sites/default/files/cover/ltb_1.NA_212.jpg,ltb_1.NA_212.jpg
537,https://www.lustiges-taschenbuch.de/sites/default/files/cover/ltb_213.jpg,ltb_213.jpg
538,https://www.lustiges-taschenbuch.de/sites/default/files/cover/ltb_1.NA_213.jpg,ltb_1.NA_213.jpg
539,https://www.lustiges-taschenbuch.de/sites/default/files/cover/ltb_214.jpg,ltb_214.jpg
540,https://www.lustiges-taschenbuch.de/sites/default/files/cover/ltb_1.NA_214.jpg,ltb_1.NA_214.jpg
541,https://www.lustiges-taschenbuch.de/sites/default/files/cover/ltb_215.jpg,ltb_215.jpg
542,https://www.lustiges-taschenbuch.de/sites/default/files/cover/ltb_1.NA_215.jpg,ltb_1.NA_215.jpg
543,https://www.lustiges-taschenbuch.de/sites/default/files/cover/ltb_216.jpg,ltb_216.jpg
544,https://www.lustiges-taschenbuch.de/sites/default/files/cover/ltb_1.NA_216.jpg,ltb_1.NA_216.jpg
545,https://www.lustiges-taschenbuch.de/sites/default/files/cover/ltb_217.jpg,ltb_217.jpg
546,https://www.lustiges-taschenbuch.de/sites/default/files/cover/ltb_1.NA_217.jpg,ltb_1.NA_217.jpg
547,https://www.lustiges-taschenbuch.de/sites/default/files/cover/ltb_218.jpg,ltb_218.jpg
548,https://www.lustiges-taschenbuch.de/sites/default/files/cover/ltb_1.NA_218.jpg,ltb_1.NA_218.jpg
549,https://www.lustiges-taschenbuch.de/sites/default/files/cover/ltb_219.jpg,ltb_219.jpg
550,https://www.lustiges-taschenbuch.de/sites/default/files/cover/ltb_1.NA_219.jpg,ltb_1.NA_219.jpg
551,https://www.lustiges-taschenbuch.de/sites/default/files/cover/ltb_220.jpg,ltb_220.jpg
552,https://www.lustiges-taschenbuch.de/sites/default/files/cover/ltb_1.NA_220.jpg,ltb_1.NA_220.jpg
553,https://www.lustiges-taschenbuch.de/sites/default/files/cover/ltb_221.jpg,ltb_221.jpg
554,https://www.lustiges-taschenbuch.de/sites/default/files/cover/ltb_1.NA_221.jpg,ltb_1.NA_221.jpg
555,https://www.lustiges-taschenbuch.de/sites/default/files/cover/ltb_222.jpg,ltb_222.jpg
556,https://www.lustiges-taschenbuch.de/sites/default/files/cover/ltb_1.NA_222.jpg,ltb_1.NA_222.jpg
557,https://www.lustiges-taschenbuch.de/sites/default/files/cover/ltb_223.jpg,ltb_223.jpg
558,https://www.lustiges-taschenbuch.de/sites/default/files/cover/ltb_1.NA_223.jpg,ltb_1.NA_223.jpg
559,https://www.lustiges-taschenbuch.de/sites/default/files/cover/ltb_224.jpg,ltb_224.jpg
560,https://www.lustiges-taschenbuch.de/sites/default/files/cover/ltb_1.NA_224.jpg,ltb_1.NA_224.jpg
561,https://www.lustiges-taschenbuch.de/sites/default/files/cover/ltb_225.jpg,ltb_225.jpg
562,https://www.lustiges-taschenbuch.de/sites/default/files/cover/ltb_1.NA_225.jpg,ltb_1.NA_225.jpg
563,https://www.lustiges-taschenbuch.de/sites/default/files/cover/ltb_226.jpg,ltb_226.jpg
564,https://www.lustiges-taschenbuch.de/sites/default/files/cover/ltb_1.NA_226.jpg,ltb_1.NA_226.jpg
565,https://www.lustiges-taschenbuch.de/sites/default/files/cover/ltb_227.jpg,ltb_227.jpg
566,https://www.lustiges-taschenbuch.de/sites/default/files/cover/ltb_1.NA_227.jpg,ltb_1.NA_227.jpg
567,https://www.lustiges-taschenbuch.de/sites/default/files/cover/ltb_228.jpg,ltb_228.jpg
568,https://www.lustiges-taschenbuch.de/sites/default/files/cover/ltb_1.NA_228.jpg,ltb_1.NA_228.jpg
569,https://www.lustiges-taschenbuch.de/sites/default/files/cover/ltb_229.jpg,ltb_229.jpg
570,https://www.lustiges-taschenbuch.de/sites/default/files/cover/ltb_1.NA_229.jpg,ltb_1.NA_229.jpg
571,https://www.lustiges-taschenbuch.de/sites/default/files/cover/ltb_230.jpg,ltb_230.jpg
572,https://www.lustiges-taschenbuch.de/sites/default/files/cover/ltb_1.NA_230.jpg,ltb_1.NA_230.jpg
573,https://www.lustiges-taschenbuch.de/sites/default/files/cover/ltb_231.jpg,ltb_231.jpg
574,https://www.lustiges-taschenbuch.de/sites/default/files/cover/ltb_231_0.jpg,ltb_231_0.jpg
575,https://www.lustiges-taschenbuch.de/sites/default/files/cover/ltb_233.jpg,ltb_233.jpg
576,https://www.lustiges-taschenbuch.de/sites/default/files/cover/ltb_1.NA_233.jpg,ltb_1.NA_233.jpg
577,https://www.lustiges-taschenbuch.de/sites/default/files/cover/ltb_234.jpg,ltb_234.jpg
578,https://www.lustiges-taschenbuch.de/sites/default/files/cover/ltb_1.NA_234.jpg,ltb_1.NA_234.jpg
579,https://www.lustiges-taschenbuch.de/sites/default/files/cover/ltb_235.jpg,ltb_235.jpg
580,https://www.lustiges-taschenbuch.de/sites/default/files/cover/ltb_1.NA_235.jpg,ltb_1.NA_235.jpg
581,https://www.lustiges-taschenbuch.de/sites/default/files/cover/ltb_236.jpg,ltb_236.jpg
582,https://www.lustiges-taschenbuch.de/sites/default/files/cover/ltb_1.NA_236.jpg,ltb_1.NA_236.jpg
583,https://www.lustiges-taschenbuch.de/sites/default/files/cover/ltb_237.jpg,ltb_237.jpg
584,https://www.lustiges-taschenbuch.de/sites/default/files/cover/ltb_1.NA_237.jpg,ltb_1.NA_237.jpg
585,https://www.lustiges-taschenbuch.de/sites/default/files/cover/ltb_238.jpg,ltb_238.jpg
586,https://www.lustiges-taschenbuch.de/sites/default/files/cover/ltb_1.NA_238.jpg,ltb_1.NA_238.jpg
587,https://www.lustiges-taschenbuch.de/sites/default/files/cover/ltb_239.jpg,ltb_239.jpg
588,https://www.lustiges-taschenbuch.de/sites/default/files/cover/ltb_1.NA_239.jpg,ltb_1.NA_239.jpg
589,https://www.lustiges-taschenbuch.de/sites/default/files/cover/ltb_240.jpg,ltb_240.jpg
590,https://www.lustiges-taschenbuch.de/sites/default/files/cover/ltb_1.NA_240.jpg,ltb_1.NA_240.jpg
591,https://www.lustiges-taschenbuch.de/sites/default/files/cover/ltb_241.jpg,ltb_241.jpg
592,https://www.lustiges-taschenbuch.de/sites/default/files/cover/ltb_242.jpg,ltb_242.jpg
593,https://www.lustiges-taschenbuch.de/sites/default/files/cover/ltb_243.jpg,ltb_243.jpg
594,https://www.lustiges-taschenbuch.de/sites/default/files/cover/ltb_244.jpg,ltb_244.jpg
595,https://www.lustiges-taschenbuch.de/sites/default/files/cover/ltb_245.jpg,ltb_245.jpg
596,https://www.lustiges-taschenbuch.de/sites/default/files/cover/ltb_246.jpg,ltb_246.jpg
597,https://www.lustiges-taschenbuch.de/sites/default/files/cover/ltb_247.jpg,ltb_247.jpg
598,https://www.lustiges-taschenbuch.de/sites/default/files/cover/ltb_248.jpg,ltb_248.jpg
599,https://www.lustiges-taschenbuch.de/sites/default/files/cover/ltb_249.jpg,ltb_249.jpg
600,https://www.lustiges-taschenbuch.de/sites/default/files/cover/ltb_250.jpg,ltb_250.jpg
601,https://www.lustiges-taschenbuch.de/sites/default/files/cover/ltb_251.jpg,ltb_251.jpg
602,https://www.lustiges-taschenbuch.de/sites/default/files/cover/ltb_252.jpg,ltb_252.jpg
603,https://www.lustiges-taschenbuch.de/sites/default/files/cover/ltb_253.jpg,ltb_253.jpg
604,https://www.lustiges-taschenbuch.de/sites/default/files/cover/ltb_254.jpg,ltb_254.jpg
605,https://www.lustiges-taschenbuch.de/sites/default/files/cover/ltb_255.jpg,ltb_255.jpg
606,https://www.lustiges-taschenbuch.de/sites/default/files/cover/ltb_256.jpg,ltb_256.jpg
607,https://www.lustiges-taschenbuch.de/sites/default/files/cover/ltb_257.jpg,ltb_257.jpg
608,https://www.lustiges-taschenbuch.de/sites/default/files/cover/ltb_258.jpg,ltb_258.jpg
609,https://www.lustiges-taschenbuch.de/sites/default/files/cover/ltb_259.jpg,ltb_259.jpg
610,https://www.lustiges-taschenbuch.de/sites/default/files/cover/ltb_260.jpg,ltb_260.jpg
611,https://www.lustiges-taschenbuch.de/sites/default/files/cover/ltb_261.jpg,ltb_261.jpg
612,https://www.lustiges-taschenbuch.de/sites/default/files/cover/ltb_262.jpg,ltb_262.jpg
613,https://www.lustiges-taschenbuch.de/sites/default/files/cover/ltb_263.jpg,ltb_263.jpg
614,https://www.lustiges-taschenbuch.de/sites/default/files/cover/ltb_264.jpg,ltb_264.jpg
615,https://www.lustiges-taschenbuch.de/sites/default/files/cover/ltb_265.jpg,ltb_265.jpg
616,https://www.lustiges-taschenbuch.de/sites/default/files/cover/ferien-am-suedpol_0.jpg,ferien-am-suedpol_0.jpg
617,https://www.lustiges-taschenbuch.de/sites/default/files/cover/ltb_267.jpg,ltb_267.jpg
618,https://www.lustiges-taschenbuch.de/sites/default/files/cover/ltb_268.jpg,ltb_268.jpg
619,https://www.lustiges-taschenbuch.de/sites/default/files/cover/ltb_269.jpg,ltb_269.jpg
620,https://www.lustiges-taschenbuch.de/sites/default/files/cover/ltb_270.jpg,ltb_270.jpg
621,https://www.lustiges-taschenbuch.de/sites/default/files/cover/ltb_271.jpg,ltb_271.jpg
622,https://www.lustiges-taschenbuch.de/sites/default/files/cover/ltb_272.jpg,ltb_272.jpg
623,https://www.lustiges-taschenbuch.de/sites/default/files/cover/ltb_273.jpg,ltb_273.jpg
624,https://www.lustiges-taschenbuch.de/sites/default/files/cover/ltb_274.jpg,ltb_274.jpg
625,https://www.lustiges-taschenbuch.de/sites/default/files/cover/ltb_275.jpg,ltb_275.jpg
626,https://www.lustiges-taschenbuch.de/sites/default/files/cover/ltb_276.jpg,ltb_276.jpg
627,https://www.lustiges-taschenbuch.de/sites/default/files/cover/ltb_277.jpg,ltb_277.jpg
628,https://www.lustiges-taschenbuch.de/sites/default/files/cover/ltb_278.jpg,ltb_278.jpg
629,https://www.lustiges-taschenbuch.de/sites/default/files/cover/ltb_279.jpg,ltb_279.jpg
630,https://www.lustiges-taschenbuch.de/sites/default/files/cover/ltb_280.jpg,ltb_280.jpg
631,https://www.lustiges-taschenbuch.de/sites/default/files/cover/ltb_281.jpg,ltb_281.jpg
632,https://www.lustiges-taschenbuch.de/sites/default/files/cover/ltb_282.jpg,ltb_282.jpg
633,https://www.lustiges-taschenbuch.de/sites/default/files/cover/ltb_283.jpg,ltb_283.jpg
634,https://www.lustiges-taschenbuch.de/sites/default/files/cover/ltb_284.jpg,ltb_284.jpg
635,https://www.lustiges-taschenbuch.de/sites/default/files/cover/ltb_285.jpg,ltb_285.jpg
636,https://www.lustiges-taschenbuch.de/sites/default/files/cover/ltb_286.jpg,ltb_286.jpg
637,https://www.lustiges-taschenbuch.de/sites/default/files/cover/ltb_287.jpg,ltb_287.jpg
638,https://www.lustiges-taschenbuch.de/sites/default/files/cover/ltb_288.jpg,ltb_288.jpg
639,https://www.lustiges-taschenbuch.de/sites/default/files/cover/ltb_289.jpg,ltb_289.jpg
640,https://www.lustiges-taschenbuch.de/sites/default/files/cover/ltb_290.jpg,ltb_290.jpg
641,https://www.lustiges-taschenbuch.de/sites/default/files/cover/ltb_291.jpg,ltb_291.jpg
642,https://www.lustiges-taschenbuch.de/sites/default/files/cover/ltb_292.jpg,ltb_292.jpg
643,https://www.lustiges-taschenbuch.de/sites/default/files/cover/ltb_293.jpg,ltb_293.jpg
644,https://www.lustiges-taschenbuch.de/sites/default/files/cover/ltb_294.jpg,ltb_294.jpg
645,https://www.lustiges-taschenbuch.de/sites/default/files/cover/ltb_295.jpg,ltb_295.jpg
646,https://www.lustiges-taschenbuch.de/sites/default/files/cover/ltb_296.jpg,ltb_296.jpg
647,https://www.lustiges-taschenbuch.de/sites/default/files/cover/ltb_297.jpg,ltb_297.jpg
648,https://www.lustiges-taschenbuch.de/sites/default/files/cover/ltb_298.jpg,ltb_298.jpg
649,https://www.lustiges-taschenbuch.de/sites/default/files/cover/ltb_299.jpg,ltb_299.jpg
650,https://www.lustiges-taschenbuch.de/sites/default/files/cover/ltb_300.jpg,ltb_300.jpg
651,https://www.lustiges-taschenbuch.de/sites/default/files/cover/ltb_301_0.jpg,ltb_301_0.jpg
652,https://www.lustiges-taschenbuch.de/sites/default/files/cover/ltb_302.jpg,ltb_302.jpg
653,https://www.lustiges-taschenbuch.de/sites/default/files/cover/ltb_303.jpg,ltb_303.jpg
654,https://www.lustiges-taschenbuch.de/sites/default/files/cover/ltb_304.jpg,ltb_304.jpg
655,https://www.lustiges-taschenbuch.de/sites/default/files/cover/ltb_305.jpg,ltb_305.jpg
656,https://www.lustiges-taschenbuch.de/sites/default/files/cover/ltb_306.jpg,ltb_306.jpg
657,https://www.lustiges-taschenbuch.de/sites/default/files/cover/ltb_307.jpg,ltb_307.jpg
658,https://www.lustiges-taschenbuch.de/sites/default/files/cover/gefahr-aus-der-tiefe_0.jpg,gefahr-aus-der-tiefe_0.jpg
659,https://www.lustiges-taschenbuch.de/sites/default/files/cover/ltb_309.jpg,ltb_309.jpg
660,https://www.lustiges-taschenbuch.de/sites/default/files/cover/ltb_310.jpg,ltb_310.jpg
661,https://www.lustiges-taschenbuch.de/sites/default/files/cover/ltb_311.jpg,ltb_311.jpg
662,https://www.lustiges-taschenbuch.de/sites/default/files/cover/ltb_312.jpg,ltb_312.jpg
663,https://www.lustiges-taschenbuch.de/sites/default/files/cover/ltb_313.jpg,ltb_313.jpg
664,https://www.lustiges-taschenbuch.de/sites/default/files/cover/ltb_314.jpg,ltb_314.jpg
665,https://www.lustiges-taschenbuch.de/sites/default/files/cover/ltb_315.jpg,ltb_315.jpg
666,https://www.lustiges-taschenbuch.de/sites/default/files/cover/ltb_316.jpg,ltb_316.jpg
667,https://www.lustiges-taschenbuch.de/sites/default/files/cover/ltb_317.jpg,ltb_317.jpg
668,https://www.lustiges-taschenbuch.de/sites/default/files/cover/ltb_318.jpg,ltb_318.jpg
669,https://www.lustiges-taschenbuch.de/sites/default/files/cover/ltb_319.jpg,ltb_319.jpg
670,https://www.lustiges-taschenbuch.de/sites/default/files/cover/ltb_320.jpg,ltb_320.jpg
671,https://www.lustiges-taschenbuch.de/sites/default/files/cover/ltb_321.jpg,ltb_321.jpg
672,https://www.lustiges-taschenbuch.de/sites/default/files/cover/ltb_322.jpg,ltb_322.jpg
673,https://www.lustiges-taschenbuch.de/sites/default/files/cover/ltb_323.jpg,ltb_323.jpg
674,https://www.lustiges-taschenbuch.de/sites/default/files/cover/ltb_324.jpg,ltb_324.jpg
675,https://www.lustiges-taschenbuch.de/sites/default/files/cover/ltb_325.jpg,ltb_325.jpg
676,https://www.lustiges-taschenbuch.de/sites/default/files/cover/ltb_326.jpg,ltb_326.jpg
677,https://www.lustiges-taschenbuch.de/sites/default/files/cover/ltb_327.jpg,ltb_327.jpg
678,https://www.lustiges-taschenbuch.de/sites/default/files/cover/ltb_328.jpg,ltb_328.jpg
679,https://www.lustiges-taschenbuch.de/sites/default/files/cover/ltb_329.jpg,ltb_329.jpg
680,https://www.lustiges-taschenbuch.de/sites/default/files/cover/ltb_330.jpg,ltb_330.jpg
681,https://www.lustiges-taschenbuch.de/sites/default/files/cover/ltb_331.jpg,ltb_331.jpg
682,https://www.lustiges-taschenbuch.de/sites/default/files/cover/ltb_332.jpg,ltb_332.jpg
683,https://www.lustiges-taschenbuch.de/sites/default/files/cover/ltb_333.jpg,ltb_333.jpg
684,https://www.lustiges-taschenbuch.de/sites/default/files/cover/ltb_334.jpg,ltb_334.jpg
685,https://www.lustiges-taschenbuch.de/sites/default/files/cover/ltb_335.jpg,ltb_335.jpg
686,https://www.lustiges-taschenbuch.de/sites/default/files/cover/ltb_336.jpg,ltb_336.jpg
687,https://www.lustiges-taschenbuch.de/sites/default/files/cover/ltb_337.jpg,ltb_337.jpg
688,https://www.lustiges-taschenbuch.de/sites/default/files/cover/ltb_338.jpg,ltb_338.jpg
689,https://www.lustiges-taschenbuch.de/sites/default/files/cover/ltb_339.jpg,ltb_339.jpg
690,https://www.lustiges-taschenbuch.de/sites/default/files/cover/ltb_340.jpg,ltb_340.jpg
691,https://www.lustiges-taschenbuch.de/sites/default/files/cover/ltb_341.jpg,ltb_341.jpg
692,https://www.lustiges-taschenbuch.de/sites/default/files/cover/ltb_342.jpg,ltb_342.jpg
693,https://www.lustiges-taschenbuch.de/sites/default/files/cover/ltb_343.jpg,ltb_343.jpg
694,https://www.lustiges-taschenbuch.de/sites/default/files/cover/ltb_344.jpg,ltb_344.jpg
695,https://www.lustiges-taschenbuch.de/sites/default/files/cover/ltb_345.jpg,ltb_345.jpg
696,https://www.lustiges-taschenbuch.de/sites/default/files/cover/ltb_346.jpg,ltb_346.jpg
697,https://www.lustiges-taschenbuch.de/sites/default/files/cover/ltb_347.jpg,ltb_347.jpg
698,https://www.lustiges-taschenbuch.de/sites/default/files/cover/ltb_348.jpg,ltb_348.jpg
699,https://www.lustiges-taschenbuch.de/sites/default/files/cover/skandal-in-entenhausen_0.jpg,skandal-in-entenhausen_0.jpg
700,https://www.lustiges-taschenbuch.de/sites/default/files/cover/ltb_350.jpg,ltb_350.jpg
701,https://www.lustiges-taschenbuch.de/sites/default/files/cover/ltb_351.jpg,ltb_351.jpg
702,https://www.lustiges-taschenbuch.de/sites/default/files/cover/ltb_352.jpg,ltb_352.jpg
703,https://www.lustiges-taschenbuch.de/sites/default/files/cover/ltb_353.jpg,ltb_353.jpg
704,https://www.lustiges-taschenbuch.de/sites/default/files/cover/ltb_354.jpg,ltb_354.jpg
705,https://www.lustiges-taschenbuch.de/sites/default/files/cover/ltb_355.jpg,ltb_355.jpg
706,https://www.lustiges-taschenbuch.de/sites/default/files/cover/ltb_356.jpg,ltb_356.jpg
707,https://www.lustiges-taschenbuch.de/sites/default/files/cover/ltb_357.jpg,ltb_357.jpg
708,https://www.lustiges-taschenbuch.de/sites/default/files/cover/ltb_358.jpg,ltb_358.jpg
709,https://www.lustiges-taschenbuch.de/sites/default/files/cover/ltb_359.jpg,ltb_359.jpg
710,https://www.lustiges-taschenbuch.de/sites/default/files/cover/ltb_360.jpg,ltb_360.jpg
711,https://www.lustiges-taschenbuch.de/sites/default/files/cover/ltb_361.jpg,ltb_361.jpg
712,https://www.lustiges-taschenbuch.de/sites/default/files/cover/ltb_362.jpg,ltb_362.jpg
713,https://www.lustiges-taschenbuch.de/sites/default/files/cover/ltb_363.jpg,ltb_363.jpg
714,https://www.lustiges-taschenbuch.de/sites/default/files/cover/ltb_364.jpg,ltb_364.jpg
715,https://www.lustiges-taschenbuch.de/sites/default/files/cover/ltb_365.jpg,ltb_365.jpg
716,https://www.lustiges-taschenbuch.de/sites/default/files/cover/ltb_366.jpg,ltb_366.jpg
717,https://www.lustiges-taschenbuch.de/sites/default/files/cover/ltb_367.jpg,ltb_367.jpg
718,https://www.lustiges-taschenbuch.de/sites/default/files/cover/ltb_368.jpg,ltb_368.jpg
719,https://www.lustiges-taschenbuch.de/sites/default/files/cover/ltb_369.jpg,ltb_369.jpg
720,https://www.lustiges-taschenbuch.de/sites/default/files/cover/ltb_370.jpg,ltb_370.jpg
721,https://www.lustiges-taschenbuch.de/sites/default/files/cover/ltb_371.jpg,ltb_371.jpg
722,https://www.lustiges-taschenbuch.de/sites/default/files/cover/ltb_372.jpg,ltb_372.jpg
723,https://www.lustiges-taschenbuch.de/sites/default/files/cover/ltb_373.jpg,ltb_373.jpg
724,https://www.lustiges-taschenbuch.de/sites/default/files/cover/ltb_374.jpg,ltb_374.jpg
725,https://www.lustiges-taschenbuch.de/sites/default/files/cover/ltb_375.jpg,ltb_375.jpg
726,https://www.lustiges-taschenbuch.de/sites/default/files/cover/ltb_376.jpg,ltb_376.jpg
727,https://www.lustiges-taschenbuch.de/sites/default/files/cover/ltb_377.jpg,ltb_377.jpg
728,https://www.lustiges-taschenbuch.de/sites/default/files/cover/ltb_378.jpg,ltb_378.jpg
729,https://www.lustiges-taschenbuch.de/sites/default/files/cover/ltb_379.jpg,ltb_379.jpg
730,https://www.lustiges-taschenbuch.de/sites/default/files/cover/ltb_380.jpg,ltb_380.jpg
731,https://www.lustiges-taschenbuch.de/sites/default/files/cover/ltb_381.jpg,ltb_381.jpg
732,https://www.lustiges-taschenbuch.de/sites/default/files/cover/ltb_382.jpg,ltb_382.jpg
733,https://www.lustiges-taschenbuch.de/sites/default/files/cover/ltb_383.jpg,ltb_383.jpg
734,https://www.lustiges-taschenbuch.de/sites/default/files/cover/ltb_384.jpg,ltb_384.jpg
735,https://www.lustiges-taschenbuch.de/sites/default/files/cover/ltb_385.jpg,ltb_385.jpg
736,https://www.lustiges-taschenbuch.de/sites/default/files/cover/ltb_386.jpg,ltb_386.jpg
737,https://www.lustiges-taschenbuch.de/sites/default/files/cover/ltb_387.jpg,ltb_387.jpg
738,https://www.lustiges-taschenbuch.de/sites/default/files/cover/ltb_388.jpg,ltb_388.jpg
739,https://www.lustiges-taschenbuch.de/sites/default/files/cover/ltb_389.jpg,ltb_389.jpg
740,https://www.lustiges-taschenbuch.de/sites/default/files/cover/ltb_390.jpg,ltb_390.jpg
741,https://www.lustiges-taschenbuch.de/sites/default/files/cover/ltb_391.jpg,ltb_391.jpg
742,https://www.lustiges-taschenbuch.de/sites/default/files/cover/ltb_392.jpg,ltb_392.jpg
743,https://www.lustiges-taschenbuch.de/sites/default/files/cover/ltb_393.jpg,ltb_393.jpg
744,https://www.lustiges-taschenbuch.de/sites/default/files/cover/ltb_394.jpg,ltb_394.jpg
745,https://www.lustiges-taschenbuch.de/sites/default/files/cover/ltb_395.jpg,ltb_395.jpg
746,https://www.lustiges-taschenbuch.de/sites/default/files/cover/ltb_396.jpg,ltb_396.jpg
747,https://www.lustiges-taschenbuch.de/sites/default/files/cover/ltb_397.jpg,ltb_397.jpg
748,https://www.lustiges-taschenbuch.de/sites/default/files/cover/ltb_398.jpg,ltb_398.jpg
749,https://www.lustiges-taschenbuch.de/sites/default/files/cover/ltb_399.jpg,ltb_399.jpg
750,https://www.lustiges-taschenbuch.de/sites/default/files/cover/ltb_400.jpg,ltb_400.jpg
751,https://www.lustiges-taschenbuch.de/sites/default/files/cover/ltb_401.jpg,ltb_401.jpg
752,https://www.lustiges-taschenbuch.de/sites/default/files/cover/ltb_402.jpg,ltb_402.jpg
753,https://www.lustiges-taschenbuch.de/sites/default/files/cover/ltb_403.jpg,ltb_403.jpg
754,https://www.lustiges-taschenbuch.de/sites/default/files/cover/ltb_404.jpg,ltb_404.jpg
755,https://www.lustiges-taschenbuch.de/sites/default/files/cover/ltb_405.jpg,ltb_405.jpg
756,https://www.lustiges-taschenbuch.de/sites/default/files/cover/ltb_406.jpg,ltb_406.jpg
757,https://www.lustiges-taschenbuch.de/sites/default/files/cover/ltb_407.jpg,ltb_407.jpg
758,https://www.lustiges-taschenbuch.de/sites/default/files/cover/ltb_408.jpg,ltb_408.jpg
759,https://www.lustiges-taschenbuch.de/sites/default/files/cover/ltb_409.jpg,ltb_409.jpg
760,https://www.lustiges-taschenbuch.de/sites/default/files/cover/ltb_410.jpg,ltb_410.jpg
761,https://www.lustiges-taschenbuch.de/sites/default/files/cover/ltb_411.jpg,ltb_411.jpg
762,https://www.lustiges-taschenbuch.de/sites/default/files/cover/ltb_412.jpg,ltb_412.jpg
763,https://www.lustiges-taschenbuch.de/sites/default/files/cover/ltb_413.jpg,ltb_413.jpg
764,https://www.lustiges-taschenbuch.de/sites/default/files/cover/ltb_414.jpg,ltb_414.jpg
765,https://www.lustiges-taschenbuch.de/sites/default/files/cover/ltb_415.jpg,ltb_415.jpg
766,https://www.lustiges-taschenbuch.de/sites/default/files/cover/ltb_416.jpg,ltb_416.jpg
767,https://www.lustiges-taschenbuch.de/sites/default/files/cover/ltb_417.jpg,ltb_417.jpg
768,https://www.lustiges-taschenbuch.de/sites/default/files/cover/ltb_418.jpg,ltb_418.jpg
769,https://www.lustiges-taschenbuch.de/sites/default/files/cover/ltb_419.jpg,ltb_419.jpg
770,https://www.lustiges-taschenbuch.de/sites/default/files/cover/ltb_420.jpg,ltb_420.jpg
771,https://www.lustiges-taschenbuch.de/sites/default/files/cover/ltb_421.jpg,ltb_421.jpg
772,https://www.lustiges-taschenbuch.de/sites/default/files/cover/ltb_422.jpg,ltb_422.jpg
773,https://www.lustiges-taschenbuch.de/sites/default/files/cover/ltb_423.jpg,ltb_423.jpg
774,https://www.lustiges-taschenbuch.de/sites/default/files/cover/ltb_424.jpg,ltb_424.jpg
775,https://www.lustiges-taschenbuch.de/sites/default/files/cover/agent-doppelduck-extremer-einsatz_0.jpg,agent-doppelduck-extremer-einsatz_0.jpg
776,https://www.lustiges-taschenbuch.de/sites/default/files/cover/ltb_426.jpg,ltb_426.jpg
777,https://www.lustiges-taschenbuch.de/sites/default/files/cover/ltb_427.jpg,ltb_427.jpg
778,https://www.lustiges-taschenbuch.de/sites/default/files/cover/ltb_428.jpg,ltb_428.jpg
779,https://www.lustiges-taschenbuch.de/sites/default/files/cover/ltb_429.jpg,ltb_429.jpg
780,https://www.lustiges-taschenbuch.de/sites/default/files/cover/ltb_430.jpg,ltb_430.jpg
781,https://www.lustiges-taschenbuch.de/sites/default/files/cover/ltb_431.jpg,ltb_431.jpg
782,https://www.lustiges-taschenbuch.de/sites/default/files/cover/ltb_432.jpg,ltb_432.jpg
783,https://www.lustiges-taschenbuch.de/sites/default/files/cover/ltb_433.jpg,ltb_433.jpg
784,https://www.lustiges-taschenbuch.de/sites/default/files/cover/ltb_434.jpg,ltb_434.jpg
785,https://www.lustiges-taschenbuch.de/sites/default/files/cover/ltb_435.jpg,ltb_435.jpg
786,https://www.lustiges-taschenbuch.de/sites/default/files/cover/ltb_436.jpg,ltb_436.jpg
787,https://www.lustiges-taschenbuch.de/sites/default/files/cover/ltb_437.jpg,ltb_437.jpg
788,https://www.lustiges-taschenbuch.de/sites/default/files/cover/ltb_438.jpg,ltb_438.jpg
789,https://www.lustiges-taschenbuch.de/sites/default/files/cover/ltb_439.jpg,ltb_439.jpg
790,https://www.lustiges-taschenbuch.de/sites/default/files/cover/ltb_440.jpg,ltb_440.jpg
791,https://www.lustiges-taschenbuch.de/sites/default/files/cover/ltb_441.jpg,ltb_441.jpg
792,https://www.lustiges-taschenbuch.de/sites/default/files/cover/ltb_442.jpg,ltb_442.jpg
793,https://www.lustiges-taschenbuch.de/sites/default/files/cover/ltb_443.jpg,ltb_443.jpg
794,https://www.lustiges-taschenbuch.de/sites/default/files/cover/ltb_444.jpg,ltb_444.jpg
795,https://www.lustiges-taschenbuch.de/sites/default/files/cover/ltb_445.jpg,ltb_445.jpg
796,https://www.lustiges-taschenbuch.de/sites/default/files/cover/ltb_446.jpg,ltb_446.jpg
797,https://www.lustiges-taschenbuch.de/sites/default/files/cover/ltb_447.jpg,ltb_447.jpg
798,https://www.lustiges-taschenbuch.de/sites/default/files/cover/ltb_448.jpg,ltb_448.jpg
799,https://www.lustiges-taschenbuch.de/sites/default/files/cover/ltb_449.jpg,ltb_449.jpg
800,https://www.lustiges-taschenbuch.de/sites/default/files/cover/ltb_450.jpg,ltb_450.jpg
801,https://www.lustiges-taschenbuch.de/sites/default/files/cover/ltb_451.jpg,ltb_451.jpg
802,https://www.lustiges-taschenbuch.de/sites/default/files/cover/ltb_452.jpg,ltb_452.jpg
803,https://www.lustiges-taschenbuch.de/sites/default/files/cover/ltb_453.jpg,ltb_453.jpg
804,https://www.lustiges-taschenbuch.de/sites/default/files/cover/ltb_454.jpg,ltb_454.jpg
805,https://www.lustiges-taschenbuch.de/sites/default/files/cover/ltb_455.jpg,ltb_455.jpg
806,https://www.lustiges-taschenbuch.de/sites/default/files/cover/ltb_456.jpg,ltb_456.jpg
807,https://www.lustiges-taschenbuch.de/sites/default/files/cover/ltb_457.jpg,ltb_457.jpg
808,https://www.lustiges-taschenbuch.de/sites/default/files/cover/ltb_458.jpg,ltb_458.jpg
809,https://www.lustiges-taschenbuch.de/sites/default/files/cover/ltb_459.jpg,ltb_459.jpg
810,https://www.lustiges-taschenbuch.de/sites/default/files/cover/ltb_460.jpg,ltb_460.jpg
811,https://www.lustiges-taschenbuch.de/sites/default/files/cover/ltb_461.jpg,ltb_461.jpg
812,https://www.lustiges-taschenbuch.de/sites/default/files/cover/ltb_462.jpg,ltb_462.jpg
813,https://www.lustiges-taschenbuch.de/sites/default/files/cover/ltb_463.jpg,ltb_463.jpg
814,https://www.lustiges-taschenbuch.de/sites/default/files/cover/ltb_464.jpg,ltb_464.jpg
815,https://www.lustiges-taschenbuch.de/sites/default/files/cover/ltb_465.jpg,ltb_465.jpg
816,https://www.lustiges-taschenbuch.de/sites/default/files/cover/ltb_466.jpg,ltb_466.jpg
817,https://www.lustiges-taschenbuch.de/sites/default/files/cover/ltb_467.jpg,ltb_467.jpg
818,https://www.lustiges-taschenbuch.de/sites/default/files/cover/ltb_468.jpg,ltb_468.jpg
819,https://www.lustiges-taschenbuch.de/sites/default/files/cover/ltb_469.jpg,ltb_469.jpg
820,https://www.lustiges-taschenbuch.de/sites/default/files/cover/ltb_470.jpg,ltb_470.jpg
821,https://www.lustiges-taschenbuch.de/sites/default/files/cover/ltb_471.jpg,ltb_471.jpg
822,https://www.lustiges-taschenbuch.de/sites/default/files/cover/ltb_472.jpg,ltb_472.jpg
823,https://www.lustiges-taschenbuch.de/sites/default/files/cover/ltb_473.jpg,ltb_473.jpg
824,https://www.lustiges-taschenbuch.de/sites/default/files/cover/ltb_474.jpg,ltb_474.jpg
825,https://www.lustiges-taschenbuch.de/sites/default/files/cover/ltb_475.jpg,ltb_475.jpg
826,https://www.lustiges-taschenbuch.de/sites/default/files/cover/ltb_476.jpg,ltb_476.jpg
827,https://www.lustiges-taschenbuch.de/sites/default/files/cover/ltb_477.jpg,ltb_477.jpg
828,https://www.lustiges-taschenbuch.de/sites/default/files/cover/ltb_478.jpg,ltb_478.jpg
829,https://www.lustiges-taschenbuch.de/sites/default/files/cover/ltb_479.jpg,ltb_479.jpg
830,https://www.lustiges-taschenbuch.de/sites/default/files/cover/ltb_480.jpg,ltb_480.jpg
831,https://www.lustiges-taschenbuch.de/sites/default/files/cover/ltb_481.jpg,ltb_481.jpg
832,https://www.lustiges-taschenbuch.de/sites/default/files/cover/ltb_482.jpg,ltb_482.jpg
833,https://www.lustiges-taschenbuch.de/sites/default/files/cover/ltb_483.jpg,ltb_483.jpg
834,https://www.lustiges-taschenbuch.de/sites/default/files/cover/ltb_484.jpg,ltb_484.jpg
835,https://www.lustiges-taschenbuch.de/sites/default/files/cover/ltb_485.jpg,ltb_485.jpg
836,https://www.lustiges-taschenbuch.de/sites/default/files/cover/ltb_486_0.jpg,ltb_486_0.jpg
837,https://www.lustiges-taschenbuch.de/sites/default/files/cover/ltb_487.jpg,ltb_487.jpg
838,https://www.lustiges-taschenbuch.de/sites/default/files/cover/ltb_488.jpg,ltb_488.jpg
839,https://www.lustiges-taschenbuch.de/sites/default/files/cover/ltb_489.jpg,ltb_489.jpg
840,https://www.lustiges-taschenbuch.de/sites/default/files/cover/ltb_490.jpg,ltb_490.jpg
841,https://www.lustiges-taschenbuch.de/sites/default/files/cover/ltb_491.jpg,ltb_491.jpg
842,https://www.lustiges-taschenbuch.de/sites/default/files/cover/ltb_492.jpg,ltb_492.jpg
843,https://www.lustiges-taschenbuch.de/sites/default/files/cover/ltb_493.jpg,ltb_493.jpg
844,https://www.lustiges-taschenbuch.de/sites/default/files/cover/ltb_494.jpg,ltb_494.jpg
845,https://www.lustiges-taschenbuch.de/sites/default/files/cover/ltb_495.jpg,ltb_495.jpg
846,https://www.lustiges-taschenbuch.de/sites/default/files/cover/ltb_496.jpg,ltb_496.jpg
847,https://www.lustiges-taschenbuch.de/sites/default/files/cover/ltb-497-ich-bin-dann-mal-weg.jpg,ltb-497-ich-bin-dann-mal-weg.jpg
848,https://www.lustiges-taschenbuch.de/sites/default/files/cover/ltb-498-der-drachenkaempfer.jpg,ltb-498-der-drachenkaempfer.jpg
849,https://www.lustiges-taschenbuch.de/sites/default/files/cover/ltb-499-der-kolumbusfalter-kehrt-zurueck.jpg,ltb-499-der-kolumbusfalter-kehrt-zurueck.jpg
850,https://www.lustiges-taschenbuch.de/sites/default/files/cover/LTB-500-Jubilaeumsausgabe.jpg,LTB-500-Jubilaeumsausgabe.jpg
851,https://www.lustiges-taschenbuch.de/sites/default/files/cover/ltb-501-gold-und-silber-lieb-ich-sehr.jpg,ltb-501-gold-und-silber-lieb-ich-sehr.jpg
852,https://www.lustiges-taschenbuch.de/sites/default/files/cover/ltb-502-gefahr-auf-hoher-see.jpg,ltb-502-gefahr-auf-hoher-see.jpg
853,https://www.lustiges-taschenbuch.de/sites/default/files/cover/ltb-503-auf-die-piste-fertig-los.jpg,ltb-503-auf-die-piste-fertig-los.jpg
854,https://www.lustiges-taschenbuch.de/sites/default/files/cover/ltb-504-der-superschleim.jpg,ltb-504-der-superschleim.jpg
855,https://www.lustiges-taschenbuch.de/sites/default/files/cover/ltb-505.jpg,ltb-505.jpg
856,https://www.lustiges-taschenbuch.de/sites/default/files/cover/ltb-506.jpg,ltb-506.jpg
857,https://www.lustiges-taschenbuch.de/sites/default/files/cover/ltb-507.jpg,ltb-507.jpg
858,https://www.lustiges-taschenbuch.de/sites/default/files/cover/ltb-508.jpg,ltb-508.jpg
859,https://www.lustiges-taschenbuch.de/sites/default/files/cover/ltb-509.jpg,ltb-509.jpg
860,https://www.lustiges-taschenbuch.de/sites/default/files/cover/ltb-510.jpg,ltb-510.jpg
861,https://www.lustiges-taschenbuch.de/sites/default/files/cover/ltb511.jpg,ltb511.jpg
862,https://www.lustiges-taschenbuch.de/sites/default/files/cover/ltb-512.jpg,ltb-512.jpg
863,https://www.lustiges-taschenbuch.de/sites/default/files/cover/ltb-513.jpg,ltb-513.jpg
864,https://www.lustiges-taschenbuch.de/sites/default/files/cover/ltb-514.jpg,ltb-514.jpg
865,https://www.lustiges-taschenbuch.de/sites/default/files/cover/ltb-515.jpg,ltb-515.jpg
866,https://www.lustiges-taschenbuch.de/sites/default/files/cover/ltb-516.jpg,ltb-516.jpg
867,https://www.lustiges-taschenbuch.de/sites/default/files/cover/LTB-517.jpg,LTB-517.jpg
868,https://www.lustiges-taschenbuch.de/sites/default/files/cover/ltb-518.jpg,ltb-518.jpg
869,https://www.lustiges-taschenbuch.de/sites/default/files/cover/ltb-519_0.jpg,ltb-519_0.jpg
870,https://www.lustiges-taschenbuch.de/sites/default/files/cover/ltb-520.jpg,ltb-520.jpg
