1,Bisasam,Bulbasaur,Bulbizarre,
2,Bisaknosp,Ivysaur,Herbizarre,1
3,Bisaflor,Venusaur,Florizarre,2
4,Glumanda,Charmander,SalamÃ¨che,
5,Glutexo,Charmeleon,Reptincel,4
6,Glurak,Charizard,Dracaufeu,5
7,Schiggy,Squirtle,Carapuce,
8,Schillok,Wartortle,Carabaffe,7
9,Turtok,Blastoise,Tortank,8
10,Raupy,Caterpie,Chenipan,
11,Safcon,Metapod,Chrysacier,10
12,Smettbo,Butterfree,Papilusion,11
13,Hornliu,Weedle,Aspicot,
14,Kokuna,Kakuna,Coconfort,13
15,Bibor,Beedrill,Dardargnan,14
16,Taubsi,Pidgey,Roucool,
17,Tauboga,Pidgeotto,Roucoups,16
18,Tauboss,Pidgeot,Roucarnage,17
19,Rattfratz,Rattata,Rattata,
20,Rattikarl,Raticate,Rattatac,19
21,Habitak,Spearow,Piafabec,
22,Ibitak,Fearow,Rapasdepic,21
23,Rettan,Ekans,Abo,
24,Arbok,Arbok,Arbok,23
25,Pikachu,Pikachu,Pikachu,172
26,Raichu,Raichu,Raichu,25
27,Sandan,Sandshrew,Sabelette,
28,Sandamer,Sandslash,Sablaireau,27
29,Nidoranâ,Nidoranâ,Nidoranâ,
30,Nidorina,Nidorina,Nidorina,29
31,Nidoqueen,Nidoqueen,Nidoqueen,30
32,Nidoranâ,Nidoranâ,Nidoranâ,
33,Nidorino,Nidorino,Nidorino,32
34,Nidoking,Nidoking,Nidoking,33
35,Piepi,Clefairy,MÃ©lofÃ©e,173
36,Pixi,Clefable,MÃ©lodelfe,35
37,Vulpix,Vulpix,Goupix,
38,Vulnona,Ninetales,Feunard,37
39,Pummeluff,Jigglypuff,Rondoudou,174
40,Knuddeluff,Wigglytuff,Grodoudou,39
41,Zubat,Zubat,Nosferapti,
42,Golbat,Golbat,Nosferalto,41
43,Myrapla,Oddish,Mystherbe,
44,Duflor,Gloom,Ortide,43
45,Giflor,Vileplume,Rafflesia,44
46,Paras,Paras,Paras,
47,Parasek,Parasect,Parasect,46
48,Bluzuk,Venonat,Mimitoss,
49,Omot,Venomoth,AÃ©romite,48
50,Digda,Diglett,Taupiqueur,
51,Digdri,Dugtrio,Triopikeur,50
52,Mauzi,Meowth,Miaouss,
53,Snobilikat,Persian,Persian,52
54,Enton,Psyduck,Psykokwak,
55,Entoron,Golduck,Akwakwak,54
56,Menki,Mankey,FÃ©rosinge,
57,Rasaff,Primeape,Colossinge,56
58,Fukano,Growlithe,Caninos,
59,Arkani,Arcanine,Arcanin,58
60,Quapsel,Poliwag,Ptitard,
61,Quaputzi,Poliwhirl,TÃªtarte,60
62,Quappo,Poliwrath,Tartard,61
63,Abra,Abra,Abra,
64,Kadabra,Kadabra,Kadabra,63
65,Simsala,Alakazam,Alakazam,64
66,Machollo,Machop,Machoc,
67,Maschock,Machoke,Machopeur,66
68,Machomei,Machamp,Mackogneur,67
69,Knofensa,Bellsprout,ChÃ©tiflor,
70,Ultrigaria,Weepinbell,Boustiflor,69
71,Sarzenia,Victreebel,Empiflor,70
72,Tentacha,Tentacool,Tentacool,
73,Tentoxa,Tentacruel,Tentacruel,72
74,Kleinstein,Geodude,Racaillou,
75,Georok,Graveler,Gravalanch,74
76,Geowaz,Golem,Grolem,75
77,Ponita,Ponyta,Ponyta,
78,Gallopa,Rapidash,Galopa,77
79,Flegmon,Slowpoke,Ramoloss,
80,Lahmus,Slowbro,Flagadoss,79
81,Magnetilo,Magnemite,MagnÃ©ti,
82,Magneton,Magneton,MagnÃ©ton,81
83,Porenta,Farfetchâd,Canarticho,
84,Dodu,Doduo,Doduo,
85,Dodri,Dodrio,Dodrio,84
86,Jurob,Seel,Otaria,
87,Jugong,Dewgong,Lamantine,86
88,Sleima,Grimer,Tadmorv,
89,Sleimok,Muk,Grotadmorv,88
90,Muschas,Shellder,Kokiyas,
91,Austos,Cloyster,Crustabri,90
92,Nebulak,Gastly,Fantominus,
93,Alpollo,Haunter,Spectrum,92
94,Gengar,Gengar,Ectoplasma,93
95,Onix,Onix,Onix,
96,Traumato,Drowzee,Soporifik,
97,Hypno,Hypno,Hypnomade,96
98,Krabby,Krabby,Krabby,
99,Kingler,Kingler,Krabboss,98
100,Voltobal,Voltorb,Voltorbe,
101,Lektrobal,Electrode,Ãlectrode,100
102,Owei,Exeggcute,Noeunoeuf,
103,Kokowei,Exeggutor,Noadkoko,102
104,Tragosso,Cubone,Osselait,
105,Knogga,Marowak,Ossatueur,104
106,Kicklee,Hitmonlee,Kicklee,236
107,Nockchan,Hitmonchan,Tygnon,236
108,Schlurp,Lickitung,Excelangue,
109,Smogon,Koffing,Smogo,
110,Smogmog,Weezing,Smogogo,109
111,Rihorn,Rhyhorn,Rhinocorne,
112,Rizeros,Rhydon,RhinofÃ©ros,111
113,Chaneira,Chansey,Leveinard,440
114,Tangela,Tangela,Saquedeneu,
115,Kangama,Kangaskhan,Kangourex,
116,Seeper,Horsea,Hypotrempe,
117,Seemon,Seadra,HypocÃ©an,116
118,Goldini,Goldeen,PoissirÃ¨ne,
119,Golking,Seaking,Poissoroy,118
120,Sterndu,Staryu,Stari,
121,Starmie,Starmie,Staross,120
122,Pantimos,Mr. Mime,M. Mime,439
123,Sichlor,Scyther,InsÃ©cateur,
124,Rossana,Jynx,Lippoutou,238
125,Elektek,Electabuzz,Ãlektek,239
126,Magmar,Magmar,Magmar,240
127,Pinsir,Pinsir,Scarabrute,
128,Tauros,Tauros,Tauros,
129,Karpador,Magikarp,Magicarpe,
130,Garados,Gyarados,LÃ©viator,129
131,Lapras,Lapras,Lokhlass,
132,Ditto,Ditto,MÃ©tamorph,
133,Evoli,Eevee,Ãvoli,
134,Aquana,Vaporeon,Aquali,133
135,Blitza,Jolteon,Voltali,133
136,Flamara,Flareon,Pyroli,133
137,Porygon,Porygon,Porygon,
138,Amonitas,Omanyte,Amonita,
139,Amoroso,Omastar,Amonistar,138
140,Kabuto,Kabuto,Kabuto,
141,Kabutops,Kabutops,Kabutops,140
142,Aerodactyl,Aerodactyl,PtÃ©ra,
143,Relaxo,Snorlax,Ronflex,446
144,Arktos,Articuno,Artikodin,
145,Zapdos,Zapdos,Ãlecthor,
146,Lavados,Moltres,Sulfura,
147,Dratini,Dratini,Minidraco,
148,Dragonir,Dragonair,Draco,147
149,Dragoran,Dragonite,Dracolosse,148
150,Mewtu,Mewtwo,Mewtwo,
151,Mew,Mew,Mew,
152,Endivie,Chikorita,Germignon,
153,Lorblatt,Bayleef,Macronium,152
154,Meganie,Meganium,MÃ©ganium,153
155,Feurigel,Cyndaquil,HÃ©ricendre,
156,Igelavar,Quilava,Feurisson,155
157,Tornupto,Typhlosion,Typhlosion,156
158,Karnimani,Totodile,Kaiminus,
159,Tyracroc,Croconaw,Crocrodil,158
160,Impergator,Feraligatr,Aligatueur,159
161,Wiesor,Sentret,Fouinette,
162,Wiesenior,Furret,Fouinar,161
163,Hoothoot,Hoothoot,Hoothoot,
164,Noctuh,Noctowl,Noarfang,163
165,Ledyba,Ledyba,Coxy,
166,Ledian,Ledian,Coxyclaque,165
167,Webarak,Spinarak,Mimigal,
168,Ariados,Ariados,Migalos,167
169,Iksbat,Crobat,Nostenfer,42
170,Lampi,Chinchou,Loupio,
171,Lanturn,Lanturn,Lanturn,170
172,Pichu,Pichu,Pichu,
173,Pii,Cleffa,MÃ©lo,
174,Fluffeluff,Igglybuff,Toudoudou,
175,Togepi,Togepi,Togepi,
176,Togetic,Togetic,Togetic,175
177,Natu,Natu,Natu,
178,Xatu,Xatu,Xatu,177
179,Voltilamm,Mareep,Wattouat,
180,Waaty,Flaaffy,Lainergie,179
181,Ampharos,Ampharos,Pharamp,180
182,Blubella,Bellossom,Joliflor,44
183,Marill,Marill,Marill,298
184,Azumarill,Azumarill,Azumarill,183
185,Mogelbaum,Sudowoodo,Simularbre,438
186,Quaxo,Politoed,Tarpaud,61
187,Hoppspross,Hoppip,Granivol,
188,Hubelupf,Skiploom,Floravol,187
189,Papungha,Jumpluff,Cotovol,188
190,Griffel,Aipom,Capumain,
191,Sonnkern,Sunkern,Tournegrin,
192,Sonnflora,Sunflora,HÃ©liatronc,191
193,Yanma,Yanma,Yanma,
194,Felino,Wooper,Axoloto,
195,Morlord,Quagsire,Maraiste,194
196,Psiana,Espeon,Mentali,133
197,Nachtara,Umbreon,Noctali,133
198,Kramurx,Murkrow,CornÃ¨bre,
199,Laschoking,Slowking,Roigada,79
200,Traunfugil,Misdreavus,FeuforÃªve,
201,Icognito,Unown,Zarbi,
202,Woingenau,Wobbuffet,QulbutokÃ©,360
203,Girafarig,Girafarig,Girafarig,
204,Tannza,Pineco,Pomdepik,
205,Forstellka,Forretress,Foretress,204
206,Dummisel,Dunsparce,Insolourdo,
207,Skorgla,Gligar,Scorplane,
208,Stahlos,Steelix,Steelix,95
209,Snubbull,Snubbull,Snubbull,
210,Granbull,Granbull,Granbull,209
211,Baldorfish,Qwilfish,Qwilfish,
212,Scherox,Scizor,Cizayox,123
213,Pottrott,Shuckle,Caratroc,
214,Skaraborn,Heracross,Scarhino,
215,Sniebel,Sneasel,Farfuret,
216,Teddiursa,Teddiursa,Teddiursa,
217,Ursaring,Ursaring,Ursaring,216
218,Schneckmag,Slugma,Limagma,
219,Magcargo,Magcargo,Volcaropod,218
220,Quiekel,Swinub,Marcacrin,
221,Keifel,Piloswine,Cochignon,220
222,Corasonn,Corsola,Corayon,
223,Remoraid,Remoraid,RÃ©moraid,
224,Octillery,Octillery,Octillery,223
225,Botogel,Delibird,Cadoizo,
226,Mantax,Mantine,DÃ©manta,458
227,Panzaeron,Skarmory,Airmure,
228,Hunduster,Houndour,Malosse,
229,Hundemon,Houndoom,DÃ©molosse,228
230,Seedraking,Kingdra,Hyporoi,117
231,Phanpy,Phanpy,Phanpy,
232,Donphan,Donphan,Donphan,231
233,Porygon2,Porygon2,Porygon2,137
234,Damhirplex,Stantler,Cerfrousse,
235,Farbeagle,Smeargle,Queulorior,
236,Rabauz,Tyrogue,Debugant,
237,Kapoera,Hitmontop,Kapoera,236
238,Kussilla,Smoochum,Lippouti,
239,Elekid,Elekid,Ãlekid,
240,Magby,Magby,Magby,
241,Miltank,Miltank,ÃcrÃ©meuh,
242,Heiteira,Blissey,Leuphorie,113
243,Raikou,Raikou,Raikou,
244,Entei,Entei,Entei,
245,Suicune,Suicune,Suicune,
246,Larvitar,Larvitar,Embrylex,
247,Pupitar,Pupitar,Ymphect,246
248,Despotar,Tyranitar,Tyranocif,247
249,Lugia,Lugia,Lugia,
250,Ho-Oh,Ho-Oh,Ho-Oh,
251,Celebi,Celebi,Celebi,
252,Geckarbor,Treecko,Arcko,
253,Reptain,Grovyle,Massko,252
254,Gewaldro,Sceptile,Jungko,253
255,Flemmli,Torchic,Poussifeu,
256,Jungglut,Combusken,Galifeu,255
257,Lohgock,Blaziken,BrasÃ©gali,256
258,Hydropi,Mudkip,Gobou,
259,Moorabbel,Marshtomp,Flobio,258
260,Sumpex,Swampert,Laggron,259
261,Fiffyen,Poochyena,MedhyÃ¨na,
262,Magnayen,Mightyena,GrahyÃ¨na,261
263,Zigzachs,Zigzagoon,Zigzaton,
264,Geradaks,Linoone,LinÃ©on,263
265,Waumpel,Wurmple,Chenipotte,
266,Schaloko,Silcoon,Armulys,265
267,Papinella,Beautifly,Charmillon,266
268,Panekon,Cascoon,Blindalys,265
269,Pudox,Dustox,Papinox,268
270,Loturzel,Lotad,NÃ©nupiot,
271,Lombrero,Lombre,Lombre,270
272,Kappalores,Ludicolo,Ludicolo,271
273,Samurzel,Seedot,Grainipiot,
274,Blanas,Nuzleaf,Pifeuil,273
275,Tengulist,Shiftry,Tengalice,274
276,Schwalbini,Taillow,Nirondelle,
277,Schwalboss,Swellow,HÃ©lÃ©delle,276
278,Wingull,Wingull,GoÃ©lise,
279,Pelipper,Pelipper,Bekipan,278
280,Trasla,Ralts,Tarsal,
281,Kirlia,Kirlia,Kirlia,280
282,Guardevoir,Gardevoir,Gardevoir,281
283,Gehweiher,Surskit,Arakdo,
284,Maskeregen,Masquerain,Maskadra,283
285,Knilz,Shroomish,Balignon,
286,Kapilz,Breloom,Chapignon,285
287,Bummelz,Slakoth,Parecool,
288,Muntier,Vigoroth,Vigoroth,287
289,Letarking,Slaking,MonaflÃ¨mit,288
290,Nincada,Nincada,Ningale,
291,Ninjask,Ninjask,Ninjask,290
292,Ninjatom,Shedinja,Munja,290
293,Flurmel,Whismur,Chuchmur,
294,Krakeelo,Loudred,Ramboum,293
295,Krawumms,Exploud,Brouhabam,294
296,Makuhita,Makuhita,Makuhita,
297,Hariyama,Hariyama,Hariyama,296
298,Azurill,Azurill,Azurill,
299,Nasgnet,Nosepass,Tarinor,
300,Eneco,Skitty,Skitty,
301,Enekoro,Delcatty,Delcatty,300
302,Zobiris,Sableye,TÃ©nÃ©fix,
303,Flunkifer,Mawile,Mysdibule,
304,Stollunior,Aron,Galekid,
305,Stollrak,Lairon,Galegon,304
306,Stolloss,Aggron,Galeking,305
307,Meditie,Meditite,MÃ©ditikka,
308,Meditalis,Medicham,Charmina,307
309,Frizelbliz,Electrike,Dynavolt,
310,Voltenso,Manectric,Ãlecsprint,309
311,Plusle,Plusle,Posipi,
312,Minun,Minun,NÃ©gapi,
313,Volbeat,Volbeat,Muciole,
314,Illumise,Illumise,Lumivole,
315,Roselia,Roselia,RosÃ©lia,406
316,Schluppuck,Gulpin,Gloupti,
317,Schlukwech,Swalot,Avaltout,316
318,Kanivanha,Carvanha,Carvanha,
319,Tohaido,Sharpedo,Sharpedo,318
320,Wailmer,Wailmer,Wailmer,
321,Wailord,Wailord,Wailord,320
322,Camaub,Numel,Chamallot,
323,Camerupt,Camerupt,CamÃ©rupt,322
324,Qurtel,Torkoal,Chartor,
325,Spoink,Spoink,Spoink,
326,Groink,Grumpig,Groret,325
327,Pandir,Spinda,Spinda,
328,Knacklion,Trapinch,Kraknoix,
329,Vibrava,Vibrava,Vibraninf,328
330,Libelldra,Flygon,LibÃ©gon,329
331,Tuska,Cacnea,Cacnea,
332,Noktuska,Cacturne,Cacturne,331
333,Wablu,Swablu,Tylton,
334,Altaria,Altaria,Altaria,333
335,Sengo,Zangoose,Mangriff,
336,Vipitis,Seviper,SÃ©viper,
337,Lunastein,Lunatone,SÃ©lÃ©roc,
338,Sonnfel,Solrock,Solaroc,
339,Schmerbe,Barboach,Barloche,
340,Welsar,Whiscash,Barbicha,339
341,Krebscorps,Corphish,Ãcrapince,
342,Krebutack,Crawdaunt,Colhomard,341
343,Puppance,Baltoy,Balbuto,
344,Lepumentas,Claydol,Kaorine,343
345,Liliep,Lileep,Lilia,
346,Wielie,Cradily,Vacilys,345
347,Anorith,Anorith,Anorith,
348,Armaldo,Armaldo,Armaldo,347
349,Barschwa,Feebas,Barpau,
350,Milotic,Milotic,Milobellus,349
351,Formeo,Castform,MorphÃ©o,
352,Kecleon,Kecleon,Kecleon,
353,Shuppet,Shuppet,Polichombr,
354,Banette,Banette,Branette,353
355,Zwirrlicht,Duskull,SkelÃ©nox,
356,Zwirrklop,Dusclops,TÃ©raclope,355
357,Tropius,Tropius,Tropius,
358,Palimpalim,Chimecho,Ãoko,433
359,Absol,Absol,Absol,
360,Isso,Wynaut,OkÃ©okÃ©,
361,Schneppke,Snorunt,Stalgamin,
362,Firnontor,Glalie,Oniglali,361
363,Seemops,Spheal,Obalie,
364,Seejong,Sealeo,Phogleur,363
365,Walraisa,Walrein,Kaimorse,364
366,Perlu,Clamperl,Coquiperl,
367,Aalabyss,Huntail,Serpang,366
368,Saganabyss,Gorebyss,Rosabyss,366
369,Relicanth,Relicanth,Relicanth,
370,Liebiskus,Luvdisc,Lovdisc,
371,Kindwurm,Bagon,Draby,
372,Draschel,Shelgon,Drackhaus,371
373,Brutalanda,Salamence,Drattak,372
374,Tanhel,Beldum,Terhal,
375,Metang,Metang,MÃ©tang,374
376,Metagross,Metagross,MÃ©talosse,375
377,Regirock,Regirock,Regirock,
378,Regice,Regice,Regice,
379,Registeel,Registeel,Registeel,
380,Latias,Latias,Latias,
381,Latios,Latios,Latios,
382,Kyogre,Kyogre,Kyogre,
383,Groudon,Groudon,Groudon,
384,Rayquaza,Rayquaza,Rayquaza,
385,Jirachi,Jirachi,Jirachi,
386,Deoxys,Deoxys,Deoxys,
387,Chelast,Turtwig,Tortipouss,
388,Chelcarain,Grotle,Boskara,387
389,Chelterrar,Torterra,Torterra,388
390,Panflam,Chimchar,Ouisticram,
391,Panpyro,Monferno,Chimpenfeu,390
392,Panferno,Infernape,Simiabraz,391
393,Plinfa,Piplup,Tiplouf,
394,Pliprin,Prinplup,Prinplouf,393
395,Impoleon,Empoleon,PingolÃ©on,394
396,Staralili,Starly,Ãtourmi,
397,Staravia,Staravia,Ãtourvol,396
398,Staraptor,Staraptor,Ãtouraptor,397
399,Bidiza,Bidoof,Keunotor,
400,Bidifas,Bibarel,Castorno,399
401,Zirpurze,Kricketot,Crikzik,
402,Zirpeise,Kricketune,MÃ©lokrik,401
403,Sheinux,Shinx,Lixy,
404,Luxio,Luxio,Luxio,403
405,Luxtra,Luxray,Luxray,404
406,Knospi,Budew,Rozbouton,
407,Roserade,Roserade,Roserade,315
408,Koknodon,Cranidos,Kranidos,
409,Rameidon,Rampardos,Charkos,408
410,Schilterus,Shieldon,Dinoclier,
411,Bollterus,Bastiodon,Bastiodon,410
412,Burmy,Burmy,Cheniti,
413,Burmadame,Wormadam,Cheniselle,412
414,Moterpel,Mothim,Papilord,412
415,Wadribie,Combee,Apitrini,
416,Honweisel,Vespiquen,Apireine,415
417,Pachirisu,Pachirisu,Pachirisu,
418,Bamelin,Buizel,MustÃ©bouÃ©e,
419,Bojelin,Floatzel,MustÃ©flott,418
420,Kikugi,Cherubi,Ceribou,
421,Kinoso,Cherrim,Ceriflor,420
422,Schalellos,Shellos,Sancoki,
423,Gastrodon,Gastrodon,Tritosor,422
424,Ambidiffel,Ambipom,Capidextre,190
425,Driftlon,Drifloon,Baudrive,
426,Drifzepeli,Drifblim,Grodrive,425
427,Haspiror,Buneary,Laporeille,
428,Schlapor,Lopunny,Lockpin,427
429,Traunmagil,Mismagius,MagirÃªve,200
430,Kramshef,Honchkrow,Corboss,198
431,Charmian,Glameow,Chaglam,
432,Shnurgarst,Purugly,Chaffreux,431
433,Klingplim,Chingling,Korillon,
434,Skunkapuh,Stunky,Moufouette,
435,Skuntank,Skuntank,Moufflair,434
436,Bronzel,Bronzor,ArchÃ©omire,
437,Bronzong,Bronzong,ArchÃ©odong,436
438,Mobai,Bonsly,ManzaÃ¯,
439,Pantimimi,Mime Jr.,Mime Jr.,
440,Wonneira,Happiny,Ptiravi,
441,Plaudagei,Chatot,Pijako,
442,Kryppuk,Spiritomb,Spiritomb,
443,Kaumalat,Gible,Griknot,
444,Knarksel,Gabite,Carmache,443
445,Knakrack,Garchomp,Carchacrok,444
446,Mampfaxo,Munchlax,Goinfrex,
447,Riolu,Riolu,Riolu,
448,Lucario,Lucario,Lucario,447
449,Hippopotas,Hippopotas,Hippopotas,
450,Hippoterus,Hippowdon,Hippodocus,449
451,Pionskora,Skorupi,Rapion,
452,Piondragi,Drapion,Drascore,451
453,Glibunkel,Croagunk,Cradopaud,
454,Toxiquak,Toxicroak,Coatox,453
455,Venuflibis,Carnivine,Vortente,
456,Finneon,Finneon,Ãcayon,
457,Lumineon,Lumineon,LuminÃ©on,456
458,Mantirps,Mantyke,Babimanta,
459,Shnebedeck,Snover,Blizzi,
460,Rexblisar,Abomasnow,Blizzaroi,459
461,Snibunna,Weavile,Dimoret,215
462,Magnezone,Magnezone,MagnÃ©zone,82
463,Schlurplek,Lickilicky,Coudlangue,108
464,Rihornior,Rhyperior,Rhinastoc,112
465,Tangoloss,Tangrowth,Bouldeneu,114
466,Elevoltek,Electivire,Ãlekable,125
467,Magbrant,Magmortar,Maganon,126
468,Togekiss,Togekiss,Togekiss,176
469,Yanmega,Yanmega,Yanmega,193
470,Folipurba,Leafeon,Phyllali,133
471,Glaziola,Glaceon,Givrali,133
472,Skorgro,Gliscor,Scorvol,207
473,Mamutel,Mamoswine,Mammochon,221
474,Porygon-Z,Porygon-Z,Porygon-Z,233
475,Galagladi,Gallade,Gallame,281
476,Voluminas,Probopass,Tarinorme,299
477,Zwirrfinst,Dusknoir,Noctunoir,356
478,Frosdedje,Froslass,Momartik,361
479,Rotom,Rotom,Motisma,
480,Selfe,Uxie,CrÃ©helf,
481,Vesprit,Mesprit,CrÃ©follet,
482,Tobutz,Azelf,CrÃ©fadet,
483,Dialga,Dialga,Dialga,
484,Palkia,Palkia,Palkia,
485,Heatran,Heatran,Heatran,
486,Regigigas,Regigigas,Regigigas,
487,Giratina,Giratina,Giratina,
488,Cresselia,Cresselia,Cresselia,
489,Phione,Phione,Phione,
490,Manaphy,Manaphy,Manaphy,
491,Darkrai,Darkrai,Darkrai,
492,Shaymin,Shaymin,Shaymin,
493,Arceus,Arceus,Arceus,
494,Victini,Victini,Victini,
495,Serpifeu,Snivy,VipÃ©lierre,
496,Efoserp,Servine,Lianaja,495
497,Serpiroyal,Serperior,Majaspic,496
498,Floink,Tepig,Gruikui,
499,Ferkokel,Pignite,Grotichon,498
500,Flambirex,Emboar,Roitiflam,499
501,Ottaro,Oshawott,Moustillon,
502,Zwottronin,Dewott,Mateloutre,501
503,Admurai,Samurott,Clamiral,502
504,Nagelotz,Patrat,Ratentif,
505,Kukmarda,Watchog,Miradar,504
506,Yorkleff,Lillipup,Ponchiot,
507,Terribark,Herdier,Ponchien,506
508,Bissbark,Stoutland,Mastouffe,507
509,Felilou,Purrloin,Chacripan,
510,Kleoparda,Liepard,LÃ©opardus,509
511,Vegimak,Pansage,Feuillajou,
512,Vegichita,Simisage,Feuiloutan,511
513,Grillmak,Pansear,Flamajou,
514,Grillchita,Simisear,Flamoutan,513
515,Sodamak,Panpour,Flotajou,
516,Sodachita,Simipour,Flotoutan,515
517,Somniam,Munna,Munna,
518,Somnivora,Musharna,Mushana,517
519,Dusselgurr,Pidove,Poichigeon,
520,Navitaub,Tranquill,Colombeau,519
521,Fasasnob,Unfezant,DÃ©flaisan,520
522,Elezeba,Blitzle,ZÃ©bibron,
523,Zebritz,Zebstrika,ZÃ©blitz,522
524,Kiesling,Roggenrola,Nodulithe,
525,Sedimantur,Boldore,GÃ©olithe,524
526,Brockoloss,Gigalith,Gigalithe,525
527,Fleknoil,Woobat,Chovsourir,
528,Fletiamo,Swoobat,Rhinolove,527
529,Rotomurf,Drilbur,Rototaupe,
530,Stalobor,Excadrill,Minotaupe,529
531,Ohrdoch,Audino,NanmÃ©ouÃ¯e,
532,Praktibalk,Timburr,Charpenti,
533,Strepoli,Gurdurr,Ouvrifier,532
534,Meistagrif,Conkeldurr,BÃ©tochef,533
535,Schallquap,Tympole,Tritonde,
536,Mebrana,Palpitoad,BatracnÃ©,535
537,Branawarz,Seismitoad,Crapustule,536
538,Jiutesto,Throh,Judokrak,
539,Karadonis,Sawk,KaraclÃ©e,
540,Strawickl,Sewaddle,Larveyette,
541,Folikon,Swadloon,Couverdure,540
542,Matrifol,Leavanny,Manternel,541
543,Toxiped,Venipede,Venipatte,
544,Rollum,Whirlipede,Scobolide,543
545,Cerapendra,Scolipede,Brutapode,544
546,Waumboll,Cottonee,Doudouvet,
547,Elfun,Whimsicott,Farfaduvet,546
548,Lilminip,Petilil,Chlorobule,
549,Dressella,Lilligant,Fragilady,548
550,Barschuft,Basculin,Bargantua,
551,Ganovil,Sandile,MascaÃ¯man,
552,Rokkaiman,Krokorok,Escroco,551
553,Rabigator,Krookodile,Crocorible,552
554,Flampion,Darumaka,Darumarond,
555,Flampivian,Darmanitan,Darumacho,554
556,Maracamba,Maractus,Maracachi,
557,Lithomith,Dwebble,Crabicoque,
558,Castellith,Crustle,Crabaraque,557
559,Zurrokex,Scraggy,Baggiguane,
560,Irokex,Scrafty,BaggaÃ¯d,559
561,Symvolara,Sigilyph,CryptÃ©ro,
562,Makabaja,Yamask,Tutafeh,
563,Echnatoll,Cofagrigus,Tutankafer,562
564,Galapaflos,Tirtouga,Carapagos,
565,Karippas,Carracosta,MÃ©gapagos,564
566,Flapteryx,Archen,ArkÃ©apti,
567,Aeropteryx,Archeops,AÃ©roptÃ©ryx,566
568,UnratÃ¼tox,Trubbish,Miamiasme,
569,Deponitox,Garbodor,Miasmax,568
570,Zorua,Zorua,Zorua,
571,Zoroark,Zoroark,Zoroark,570
572,Picochilla,Minccino,Chinchidou,
573,Chillabell,Cinccino,Pashmilla,572
574,Mollimorba,Gothita,Scrutella,
575,Hypnomorba,Gothorita,MesmÃ©rella,574
576,Morbitesse,Gothitelle,SidÃ©rella,575
577,Monozyto,Solosis,NuclÃ©os,
578,Mitodos,Duosion,MÃ©ios,577
579,Zytomega,Reuniclus,Symbios,578
580,Piccolente,Ducklett,Couaneton,
581,Swaroness,Swanna,LakmÃ©cygne,580
582,Gelatini,Vanillite,SorbÃ©bÃ©,
583,Gelatroppo,Vanillish,Sorboul,582
584,Gelatwino,Vanilluxe,Sorbouboul,583
585,Sesokitz,Deerling,Vivaldaim,
586,Kronjuwild,Sawsbuck,Haydaim,585
587,Emolga,Emolga,Emolga,
588,Laukaps,Karrablast,Carabing,
589,Cavalanzas,Escavalier,LanÃ§argot,588
590,Tarnpignon,Foongus,Trompignon,
591,Hutsassa,Amoonguss,Gaulet,590
592,Quabbel,Frillish,Viskuse,
593,Apoquallyp,Jellicent,Moyade,592
594,Mamolida,Alomomola,Mamanbo,
595,Wattzapf,Joltik,Statitik,
596,Voltula,Galvantula,Mygavolt,595
597,Kastadur,Ferroseed,Grindur,
598,Tentantel,Ferrothorn,Noacier,597
599,Klikk,Klink,Tic,
600,Kliklak,Klang,Clic,599
601,Klikdiklak,Klinklang,Cliticlic,600
602,Zapplardin,Tynamo,Anchwatt,
603,Zapplalek,Eelektrik,LampÃ©roie,602
604,Zapplarang,Eelektross,Ohmassacre,603
605,Pygraulon,Elgyem,Lewsor,
606,Megalon,Beheeyem,Neitram,605
607,Lichtel,Litwick,FunÃ©cire,
608,Laternecto,Lampent,MÃ©lancolux,607
609,Skelabra,Chandelure,Lugulabre,608
610,Milza,Axew,Coupenotte,
611,Sharfax,Fraxure,Incisache,610
612,Maxax,Haxorus,Tranchodon,611
613,Petznief,Cubchoo,Polarhume,
614,Siberio,Beartic,Polagriffe,613
615,Frigometri,Cryogonal,Hexagel,
616,Schnuthelm,Shelmet,Escargaume,
617,Hydragil,Accelgor,Limaspeed,616
618,Flunschlik,Stunfisk,Limonde,
619,Lin-Fu,Mienfoo,Kungfouine,
620,Wie-Shu,Mienshao,Shaofouine,619
621,Shardrago,Druddigon,Drakkarmin,
622,Golbit,Golett,Gringolem,
623,Golgantes,Golurk,Golemastoc,622
624,Gladiantri,Pawniard,Scalpion,
625,Caesurio,Bisharp,Scalproie,624
626,Bisofank,Bouffalant,Frison,
627,Geronimatz,Rufflet,Furaiglon,
628,Washakwil,Braviary,Gueriaigle,627
629,Skallyk,Vullaby,Vostourno,
630,Grypheldis,Mandibuzz,Vaututrice,629
631,FurnifraÃ,Heatmor,Aflamanoir,
632,Fermicula,Durant,Fermite,
633,Kapuno,Deino,Solochi,
634,Duodino,Zweilous,Diamat,633
635,Trikephalo,Hydreigon,Trioxhydre,634
636,Ignivor,Larvesta,Pyronille,
637,Ramoth,Volcarona,Pyrax,636
638,Kobalium,Cobalion,Cobaltium,
639,Terrakium,Terrakion,Terrakium,
640,Viridium,Virizion,Viridium,
641,Boreos,Tornadus,BorÃ©as,
642,Voltolos,Thundurus,Fulguris,
643,Reshiram,Reshiram,Reshiram,
644,Zekrom,Zekrom,Zekrom,
645,Demeteros,Landorus,DÃ©mÃ©tÃ©ros,
646,Kyurem,Kyurem,Kyurem,
647,Keldeo,Keldeo,Keldeo,
648,Meloetta,Meloetta,Meloetta,
649,Genesect,Genesect,Genesect,
650,Igamaro,Chespin,Marisson,
651,Igastarnish,Quilladin,BoguÃ©risse,650
652,Brigaron,Chesnaught,BlindÃ©pique,651
653,Fynx,Fennekin,Feunnec,
654,Rutena,Braixen,Roussil,653
655,Fennexis,Delphox,Goupelin,654
656,Froxy,Froakie,Grenousse,
657,Amphizel,Frogadier,CroÃ¢poral,656
658,Quajutsu,Greninja,Amphinobi,657
659,Scoppel,Bunnelby,Sapereau,
660,Grebbit,Diggersby,Excavarenne,659
661,Dartiri,Fletchling,Passerouge,
662,Dartignis,Fletchinder,Braisillon,661
663,Fiaro,Talonflame,Flambusard,662
664,Purmel,Scatterbug,LÃ©pidonille,
665,Puponcho,Spewpa,PÃ©rÃ©grain,664
666,Vivillon,Vivillon,Prismillon,665
667,Leufeo,Litleo,HÃ©lionceau,
668,Pyroleo,Pyroar,NÃ©mÃ©lios,667
669,FlabÃ©bÃ©,FlabÃ©bÃ©,FlabÃ©bÃ©,
670,Floette,Floette,Floette,669
671,Florges,Florges,Florges,670
672,MÃ¤hikel,Skiddo,Cabriolaine,
673,Chevrumm,Gogoat,Chevroum,672
674,Pam-Pam,Pancham,PandespiÃ¨gle,
675,Pandagro,Pangoro,Pandarbare,674
676,Coiffwaff,Furfrou,Couafarel,
677,Psiau,Espurr,Psystigri,
678,Psiaugon,Meowstic,Mistigrix,677
679,Gramokles,Honedge,Monorpale,
680,Duokles,Doublade,DimoclÃ¨s,679
681,Durengard,Aegislash,Exagide,680
682,Parfi,Spritzee,Fluvetin,
683,Parfinesse,Aromatisse,Cocotine,682
684,Flauschling,Swirlix,Sucroquin,
685,Sabbaione,Slurpuff,Cupcanaille,684
686,Iscalar,Inkay,Sepiatop,
687,Calamanero,Malamar,Sepiatroce,686
688,Bithora,Binacle,Opermine,
689,Thanathora,Barbaracle,Golgopathe,688
690,Algitt,Skrelp,Venalgue,
691,Tandrak,Dragalge,Kravarech,690
692,Scampisto,Clauncher,Flingouste,
693,Wummer,Clawitzer,Gamblast,692
694,Eguana,Helioptile,Galvaran,
695,Elezard,Heliolisk,Iguolta,694
696,Balgoras,Tyrunt,Ptyranidur,
697,Monargoras,Tyrantrum,Rexillius,696
698,Amarino,Amaura,Amagara,
699,Amagarga,Aurorus,Dragmara,698
700,Feelinara,Sylveon,Nymphali,133
701,Resladero,Hawlucha,BrutalibrÃ©,
702,Dedenne,Dedenne,Dedenne,
703,Rocara,Carbink,Strassie,
704,Viscora,Goomy,Mucuscule,
705,Viscargot,Sliggoo,Colimucus,704
706,Viscogon,Goodra,Muplodocus,705
707,Clavion,Klefki,Trousselin,
708,Paragoni,Phantump,BrocÃ©lÃ´me,
709,Trombork,Trevenant,DessÃ©liande,708
710,Irrbis,Pumpkaboo,Pitrouille,
711,Pumpdjinn,Gourgeist,Banshitrouye,710
712,Arktip,Bergmite,GrelaÃ§on,
713,Arktilas,Avalugg,SÃ©racrawl,712
714,eF-eM,Noibat,Sonistrelle,
715,UHaFnir,Noivern,Bruyverne,714
716,Xerneas,Xerneas,Xerneas,
717,Yveltal,Yveltal,Yveltal,
718,Zygarde,Zygarde,Zygarde,
719,Diancie,Diancie,Diancie,
720,Hoopa,Hoopa,Hoopa,
721,Volcanion,Volcanion,Volcanion,
722,Bauz,Rowlet,Brindibou,
723,Arboretoss,Dartrix,EfflÃ¨che,722
724,Silvarro,Decidueye,ArchÃ©duc,723
725,Flamiau,Litten,Flamiaou,
726,Miezunder,Torracat,Matoufeu,725
727,Fuegro,Incineroar,FÃ©linferno,726
728,Robball,Popplio,Otaquin,
729,Marikeck,Brionne,Otarlette,728
730,Primarene,Primarina,Oratoria,729
731,Peppeck,Pikipek,Picassaut,
732,Trompeck,Trumbeak,Piclairon,731
733,Tukanon,Toucannon,Bazoucan,732
734,Mangunior,Yungoos,Manglouton,
735,Manguspektor,Gumshoos,Argouste,734
736,Mabula,Grubbin,Larvibule,
737,Akkup,Charjabug,Chrysapile,736
738,Donarion,Vikavolt,Lucanon,737
739,Krabbox,Crabrawler,Crabagarre,
740,Krawell,Crabominable,Crabominable,739
741,Choreogel,Oricorio,Plumeline,
742,Wommel,Cutiefly,Bombydou,
743,Bandelby,Ribombee,Rubombelle,742
744,Wuffels,Rockruff,Rocabot,
745,Wolwerock,Lycanroc,Lougaroc,744
746,Lusardin,Wishiwashi,Froussardine,
747,Garstella,Mareanie,VorastÃ©rie,
748,Aggrostella,Toxapex,PrÃ©dastÃ©rie,747
749,Pampuli,Mudbray,Tiboudet,
750,Pampross,Mudsdale,Bourrinos,749
751,Araqua,Dewpider,Araqua,
752,Aranestro,Araquanid,Tarenbulle,751
753,Imantis,Fomantis,Mimantis,
754,Mantidea,Lurantis,Floramantis,753
755,Bubungus,Morelull,Spododo,
756,Lamellux,Shiinotic,Lampignon,755
757,Molunk,Salandit,Tritox,
758,Amfira,Salazzle,Malamandre,757
759,Velursi,Stufful,Nounourson,
760,Kosturso,Bewear,Chelours,759
761,Frubberl,Bounsweet,Croquine,
762,Frubaila,Steenee,Candine,761
763,Fruyal,Tsareena,Sucreine,762
764,Curelei,Comfey,GuÃ©rilande,
765,Kommandutan,Oranguru,Gouroutan,
766,Quartermak,Passimian,Quartermac,
767,ReiÃlaus,Wimpod,Sovkipou,
768,Tectass,Golisopod,SarmuraÃ¯,767
769,Sankabuh,Sandygast,Bacabouh,
770,Colossand,Palossand,TrÃ©passable,769
771,Gufa,Pyukumuku,Concombaffe,
772,Typ:Null,Type: Null,Type:0,
773,Amigento,Silvally,SilvalliÃ©,772
774,Meteno,Minior,MÃ©tÃ©no,
775,Koalelu,Komala,Dodoala,
776,Tortunator,Turtonator,Boumata,
777,Togedemaru,Togedemaru,Togedemaru,
778,Mimigma,Mimikyu,Mimiqui,
779,Knirfish,Bruxish,Denticrisse,
780,Sen-Long,Drampa,DraÃ¯eul,
781,Moruda,Dhelmise,Sinistrail,
782,Miniras,Jangmo-o,BÃ©bÃ©caille,
783,Mediras,Hakamo-o,ÃcaÃ¯d,782
784,Grandiras,Kommo-o,ÃkaÃ¯ser,783
785,Kapu-Riki,Tapu Koko,Tokorico,
786,Kapu-Fala,Tapu Lele,Tokopiyon,
787,Kapu-Toro,Tapu Bulu,Tokotoro,
788,Kapu-Kime,Tapu Fini,Tokopisco,
789,Cosmog,Cosmog,Cosmog,
790,Cosmovum,Cosmoem,Cosmovum,789
791,Solgaleo,Solgaleo,Solgaleo,790
792,Lunala,Lunala,Lunala,790
793,Anego,Nihilego,ZÃ©roÃ¯d,
794,Masskito,Buzzwole,Mouscoto,
795,Schabelle,Pheromosa,Cancrelove,
796,Voltriant,Xurkitree,CÃ¢blifÃ¨re,
797,Kaguron,Celesteela,Bamboiselle,
798,Katagami,Kartana,Katagami,
799,Schlingking,Guzzlord,Engloutyran,
800,Necrozma,Necrozma,Necrozma,
801,Magearna,Magearna,Magearna,
802,Marshadow,Marshadow,Marshadow,
803,Venicro,Poipole,VÃ©mini,
804,Agoyon,Naganadel,Mandrillon,803
805,Muramura,Stakataka,Ama-Ama,
806,Kopplosio,Blacephalon,Pierroteknik,
807,Zeraora,Zeraora,Zeraora,
