1,Peter Pasetti
2,Oliver Rohrbeck
3,Jens Wawrczeck
4,Andreas Fröhlich
5,Richard Lauffen
6,Gerlach Fiedler
7,Ingrid Andree
8,Katharina Brauren
9,Stefan Brönneke
10,Karl-Ulrich Meves
11,Wolfgang Kubach
12,Andreas von der Meden
13,Karin Lieneweg
14,Gottfried Kramer
15,Veronika Weckler
16,Fabian Harloff
17,Peter Buchholz
18,Ernst von Klipstein
19,Reiner Brönneke
20,Hans Hessling
21,Gernot Endemann
22,Heikedine Körting
23,Rolf Mamero
24,Stefan Schwade
25,René Genesis
26,Philip Baader
27,Horst Frank
28,Lothar Grützner
29,Alexander Körting
30,Stephan Chrzescinski
31,Joachim Wolff
32,Madeleine Stolze
33,Renate Pichler
34,Marianne Kehlau
35,Werner Cartano
36,Franz-Josef Steffens
37,Reinhilt Schneider
38,Torsten Sense
39,Peter Kirchberger
40,Andreas Beurmann
41,Volker Bogdan
42,Oliver Mink
43,Gisela Trowe
44,Karl Walter Diess
45,Ulrich Matschoss
46,Klaus Stieringer
47,Wolf Rahtjen
48,Horst Breiter
49,Maria Benders
50,Marco Beddies
51,Helga Bammert
52,Eva Gelb
53,Günter Heising
54,Volker Brandt
55,Lothar Zibell
56,Ursula Vogel
57,Nicolas Körting
58,Josef Dahmen
59,Lutz Mackensy
60,Brigitte Alexis
61,Hanni Vanhaiden
62,Horst Stark
63,Mathias Lorenz
64,Harald Pages
65,Wolfgang Jürgen
66,Mike Henning
67,Marlen Krause
68,Jürgen Thormann
69,Karl-Heinz Gerdesmann
70,Peer Siegel
71,Hans Irle
72,Hans Daniel
73,Heidi Schaffrath
74,Joachim Richert
75,Günter Flesch
76,Heinz Werder
77,Horst Schick
78,Christian Mey
79,Joachim Rake
80,Ulrich Benthin
81,Dieter B. Gerlach
82,Jürgen Thormann? Hans Irle
83,Siegfried Wald
84,Edgar Bessen?
85,Wolfgang Kaven
86,Jan Odle
87,Charles Regnier
88,Ingeburg Kanstein
89,Katrin Fröhlich
90,Rüdiger Schulzki
91,Christian Rode
92,Susanne Wulkow
93,Barbara Focke
94,Henry Kielmann
95,Sascha Draeger
96,Wolfgang Draeger
97,Hubert Mittendorf
98,Andreas Beurmann / Wolfgang Draeger
99,Pinkas Braun
100,Manfred Steffen
101,Ruth Niehaus
102,Helmut Zierl
103,Willem Fricke
104,Monika Peitsch
105,Volkert Kraeft
106,- ??
107,Hansi Jochmann
108,Helmut Ahner
109,Philip Siegel
110,Douglas Welbat
111,Manfred Schermutzki
112,Utz Richter
113,Günter König
114,Eckart Dux
115,Edgar Bessen
116,Peter Lakenmacher
117,Ursela Monn
118,Simon Jäger
119,Günter Pfitzmann
120,Günther Dockerill
121,Wolfgang Völz
122,Horst Naumann
123,Jochen Sehrndt
124,Hans Paetsch
125,Ingeborg Kallweit
126,Svenja Pages
127,Ben Becker
128,Michael Grimm
129,Frank-Dieter Tausch
130,Beate Hasenau
131,Matthias Klimsa
132,Gerd Baltus
133,Monika Gabriel
134,Karl Walter Diess Günter Flesch
135,Eric Vaessen
136,Claudia Schermutzki
137,Julia Müller-Wesemann
138,Rolf Jülich
139,Hartmut Kollakowsky
140,Manfred Liptow
141,Bernd Fallske
142,Astrid Kollex
143,Veronika Neugebauer
144,Manou Lubowski
145,Niki Nowotny
146,Dorothea Kaiser
147,Rolf E. Schenker
148,Marco Kröger
149,Achim Schülke
150,Julia Mahnkopf
151,Thomas Naumann
152,Michael von Rospatt
153,Gabi Libbach
154,Walter Eltz
155,Ernst A. Frantz
156,Micaela Kreißler
157,Michael Quiatkowsky
158,Gerlinde Dillge
159,Norbert Langer
160,Kerstin Draeger
161,Tessa Gasser
162,Hildegard Krekel
163,Michael Harck
164,Gosta Liptow
165,Anja Ziemer
166,Holger Mahlich
167,Lutz Harder
168,Helgo Liebig
169,Heiner Kramm
170,Peter Heinrich Brix
171,Xenia Hey
172,Leonhard Mahlich
173,Rolf Becker
174,Fred Maire
175,Rainer Schmitt
176,Andreas Mannkopff
177,Michaela Gröger
178,Verena Wiet
179,Matthias Bullach
180,Juliane Szalay
181,Peter Matic
182,Hans Barein
183,Peter Schiff
184,Ben Tappé
185,Henry König
186,Samira Chanfir
187,Ann Montenbruck
188,Hans Clarin
189,Verena Großer
190,Willi Röbke
191,Jan-Friedrich Conrad
192,Hans Sievers
193,Annika Pages
194,André Minninger
195,Heidrun von Goessel
196,Arthur Brauss
197,Michael Poelchau
198,Eva Zlonitzky
199,Gerda-Maria Jürgens
200,Thea Frank
201,Franz Rudnick
202,Knut Basewitz
203,Uwe Büschken
204,Tobias Pauls
205,Rebecca Völz
206,Ulrich Faulhaber
207,Thomas Schüler
208,Karl Michael Mechel
209,Christian Stark
210,Justus Frantz
211,Gerd Duwner
212,Tilman Madaus
213,Margot Linde
214,Thomas Thomé
215,Janina Richter
216,Thomas Stein
217,Anne Marr
218,Ursula Sieg
219,Barbara Ratthey
220,Monika Werner
221,Lutz Schnell
222,Frank Meyer-Brockmann
223,Klaus Sonnenschein
224,Jürgen Kopp
225,Edith Hancke
226,Günther Jerschke
227,Norman Messer
228,Matthias Fuchs
229,Dirk Anton
230,Katja Brügger
231,Leonardo Cuseneza
232,Maria Chirivi
233,Francesca Chiavon
234,Marcello Grassi
235,Luigi Pane
236,Tassilo Jelde
237,Ingeborg Ottmann
238,Boris von Sychowski
239,Michael Bideller
240,Antje Roosch
241,Nicolas König
242,Ursula Gompf
243,Antje Cornelius
244,Eberhard Haar
245,Oliver Reinhardt
246,Cornelia Meinhardt
247,Tim Wieck
248,Klaus-Peter Kaehler
249,Jona Mues
250,Susanne von Loessl
251,Christian Redl
252,Wilhelm Wieben
253,Michael Lott
254,Eva Weissmann
255,Holger Ohlendieck
256,Johann Herstermann
257,Ingvar Jensen
258,Konstanze Ullmer
259,Jörg Gillner
260,Sabine Hahn
261,Marianne Bernhardt
262,Stefan Conradi
263,Dieter Ohlendiek
264,Torben Liebrecht
265,Rene Spiegelberger
266,Doris Jahn
267,Susann Jarling
268,Anne Marks-Rocke
269,Gerda Gmelin
270,Susanne Beck
271,Frank Felicetti
272,Uwe Friedrichsen
273,Victoria Voncampe
274,Georg Tryphon
275,Andreas Martens
276,Dietmar Mues
277,Hella von der Osten-Sacken
278,Moritz Gentsch
279,Wolf-Dietrich Berg
280,J.S.
281,Katja Stichel
282,Judy Winter
283,Dokter Renz
284,König Boris
285,Schiffmeister (Fettes Brot)
286,Peter Schubert
287,Petra Ehlers
288,Kristina von Weltzien
289,Maria Fuchs
290,Wolfgang Noack
291,Martin Lohmann
292,H. P. Kaehler
293,Richard Ems
294,Gregor Reisch
295,Anne Moll
296,Carlos Goiach
297,Lennardt Krüger
298,Lothar Behrendt
299,Dokter Renz (Fettes Brot)
300,König Boris (Fettes Brot)
301,Alida Gundlach
302,Niko Minninger
303,Harvey Dräger
304,Sven Stricker
305,Jens Herrndorff
306,Elke Reissert
307,Gerhart Hinze
308,Igmar Frentzen
309,Ozanan Rocha
310,Antonio Luz
311,Balduin Baas
312,Elizabeth Volkmann
313,Henning Schlüter
314,Monty Arnold
315,Corny Littmann
316,Werner Pohlenz
317,Erich Krieg
318,Rudolf Herget
319,Peter Groß
320,Roland Becker
321,Alexandra Doerk
322,Klaus Dittmann
323,Carola Lange
324,Johann Schibli
325,Daniel Kruth
326,Ingrid Weiß
327,Wolfgang Hartmann
328,Katrin Wasow
329,Lutz Lukasz
330,Marcel Rinkenauer
331,Kathi Robens
332,Christina Holsten
333,Hanna Reisch
334,Nils Noller
335,Julia von Spieß
336,Sascha Gutzeit
337,Manfred Reddemann
338,Gerhard Marcel
339,Ulli Plessmann
340,Reent Reins
341,Regine Lamster
342,Til Demtröder
343,Barbara Schnipper
344,Tobias Schmidt
345,Hubertus Borck
346,Rasmus Borowski
347,Anja Topf
348,Marius Berthold
349,Jocelyn Boisseaux-Endemann
350,Wanda Osten
351,Jacky Nonnon
352,Sona Cervena
353,Ute Rohrbeck
354,Philip Hoier
355,Wolf Frass
356,Helmut Gentsch
357,Marius Kreissler
358,Regina Lemnitz
359,Brigitte Böttrich
360,Daniel Eggers
361,Anna Carlsson
362,Wilhelm Hornbostel
363,Roswitha Benda
364,Thomas Bug
365,Ines Sawatzki
366,Andrea Lange
367,Stefan Rütter
368,Erik Schäffler
369,Uli Krohm
370,Oliver Böttcher
371,Wilfried Glatzeder
372,Corinna Wodrich
373,Bastian Pastewka
374,Amanda Lear
375,Woody Mues
376,Apollonia Minniger
377,Wolfgang Condrus
378,Dorette Hugo
379,Thomas Bammer
380,Siegfried Kernen
381,Jan Buchwald
382,Thomas Fritsch
383,Ernst Hilbich
384,Lotti Krekel
385,Elga Schütz
386,Stefan Babic
387,Regina Pressler
388,Barbara Marcks
389,Nadja Reichardt
390,Hartmut Kollakowski
391,Celine Fontanges
392,Enie van de Meiklokjes
393,Cäsar
394,Kim Alexander Frank
395,Manuela Dahm
396,Robert Missler
397,Echt
398,Rolf Nagel
399,Dr. Boo Young-Shin
400,Yan Kimsang
401,Prof. Dr. Zhu
402,Ingo Feder
403,Ingeborg Kantstein 
404,Claus Wilcke
405,Ilja Richter
406,Micaela Kreissler
407,Martin Meyer
408,Theresa Underberg
409,Saskia Weckler
410,Jan-David Rönfeldt
411,Traudel Sperber
412,Kai Hendrik Möller
413,Karl-Friedrich Gerster
414,Gustav-Adolph Artz
415,Thor W.Müller
416,Michael Griem
417,Susanne Leu
418,Kristian Kretschmer
419,Ulrike Johannson
420,Linde Fulde
421,Kai Böger
422,Andreas Mattau
423,Michaela Boland
424,Stefanie Kirchberger
425,Christian Rudolf
426,Georg Marquard
427,Wolfgang Wagner
428,Johannes Rothenstein
429,Christian Niehues
430,Nobi Schatka
431,Dennis Jensen
432,Madeleine Weingart
433,Gisela Trowe 
434,Thomas Karallus
435,Eva Maria Bauer
436,Hannelore Wüst
437,Bertram Hiese
438,Ignacio Descalzo
439,Isabell Navarro
440,Herrmann Otto
441,Peter Weiss
442,Victoria von Trautmannsorff
443,Stephan Benson
444,Sophie Lechtenbrink
445,Bernd Stephan
446,Arndt Schmöle
447,Jan-David Rönfeld
448,Daniel Brühl
449,Chiara Ferraú
450,Aaron Lee Ullmer
451,Harry Rowohlt
452,Detlef Bierstedt
453,Marion Klaus
454,Marion Martienzen
455,Lutz Herkenrath
456,Mario Grete
457,Hendrik König
458,Franz-Joseph Steffens
459,Sabine Falkenberg
460,Hermann Otto
461,Jürgen Holdorf
462,Heinz Lieven
463,Marco Sand
464,Ilka Kirsch
465,Alexander Müller
466,Robin Brosch
467,Marion Elskis
468,Susanne Sternberg
469,Kerstin Hilbig
470,Ingeborg Christiansen
471,Olaf Kreutzenbeck
472,Nick Seidensticker
473,Jürgen Strube
474,Michael Weckler
475,Thorsten Weber
476,Herbert Tennigkeit
477,Tina Rehfeld-Wildmann
478,Jörg Pleva
479,Lou Wong
480,Ben Hecker
481,Anton Sprick
482,...
483,Ernst H.Hilbich
484,Frank Thannhäuser
485,Patrick Bach
486,Jannik Endemann
487,Nova Meierheinrich
488,Dirk Bach
489,Marlen Diekhoff
490,Wolf Pahls
491,Nick Heidfeld
492,Holger Wemhoff
493,Frank Tannhäuser
494,Wolf Pahlke
495,Sven Dahlem
496,Tim Knauer
497,Jochen Regelin
498,Marek Erhardt
499,Jesse Grimm
500,Anja Nejarri
501,Abdul Kader-Diab
502,Fathi Farnazmatis
503,Farhat Al Yhi
504,Holger Löwenberg
505,Susanne Stangl
506,Edgar Hoppe
507,Sönke Städtler
508,Sascha Rotermund
509,Stefan Benson
510,Wilfried Hochholdinger
511,Henrike Fehrs
512,Karin Abicht
513,Peter Weis
514,Susanne Lothar
515,Roman Kretschmer
516,Céline Fontanges
517,Katharina von Keller
518,Rhea Harder
519,Karin Buchholz
520,Sky du Mont
521,Jürgen Hohldorf
522,Lukas Sperber
523,Eric Schaeffler
524,Inken Sommer
525,Dae Joon Yoo
526,Wolfgang Pampel
527,Konstantin Graudus
528,Peter Striebeck
529,Steffi Kirchberger
530,Rosemarie Wohlbauer
531,Christine Pappert
532,Jochen Baumert
533,Michael Brennicke
534,Tetje Mierendorf
535,Gerhard Olschewski
536,Burghart Klaußner
537,Simona Pahl
538,René Dawn-Claude
539,Tim Kreuer
540,Gustav Adolph Artz
541,Lili Draeger
542,Christian Senger
543,Annabelle Krieg
544,Hans Meinhardt
545,Daniel Welbat
546,Hilla Fitzen
547,Wolfgang Riehm
548,Tobias Meister
549,Elena Wilms
550,Udo Schenk
551,Meik Spallek
552,Andrea Linau
553,Urs Affolter
554,Jamie Leaves
555,Glenn Goltz
556,Oliver Geilhardt
557,Dennis Schmidt-Foß
558,Ivo Möller
559,Joachim Pukaß
560,Martin Semmelrogge
561,Wilfried Dziallas
562,Jasmin Wagner
563,Philipp Baltus
564,Jens Wendland
565,Mathias Münster
566,Philipp Draeger
567,Jacob Mayerhoff
568,Ingo Nommsen
569,Dieter Dücker
570,Saskia Mayerhoff
571,Santiago Ziesmer
572,Holger Umbreit
573,Stefan Kaminski
574,Birke Bruck
575,Dagmar Dreke
576,Luise Lunow
577,Tim Grobe
578,Julia Fölster
579,Volker Hanisch
580,Andreas Schmidt-Schaller
581,Kostja Ullmann
582,Stephan Schad
583,Natalie O'Hara
584,Oliver Kalkofe
585,Bernhard Hoecker
586,Anna Thalbach
587,Manuela Becker
588,Angela Stresemann
589,Olli Dittrich
590,Harald Dietl
591,Kai-Hendrik Möller
592,Robert Kottula
593,Rosakutty Hemsing
594,Tilo Schmitz
595,Madeleine Weingarten
596,Wanja Mues
597,Martin May
598,Stephan Schwartz
599,Gabriele Libbach
600,Wolfgang Rositzka
601,Jo Kappl
602,Marcus Schönhoff
603,Jannik Schümann
604,Till Demtröder
605,Eric Förster
606,Matthias Treder
607,Elisa Linnemann
608,Susan Jarling
609,Christopher Arndt
610,Johann Gutjahr
611,Ulli Potofski
612,Frank Wintjen
613,Hans Meinhard
614,Victoria von Trauttmansdorff
615,Joachim Lautenbach
616,Doris Maria Kaiser
617,Manuela Bäcker
618,Julia Hummer
619,Till Huster
620,Heidi Berndt
621,Gisela Fritsch
622,Rainer Fritzsche
623,Patrick Elias
624,Wolfgang Berger
625,Neil Malik
626,Mike Olsowski
627,Melanie Pukaß
628,Kari Erlhoff
629,André  Minninger
630,Ulrike Stürzbecher
631,Jürgen Kluckert
632,Isabel Navarro
633,Eric Schäffler
634,Claus Fuchs
635,Michaela Mahlich
636,Tanja Geke
637,Monika Freisfeld-Pampel
638,Guido A. Schick
639,Bruno F. Apitz
640,Karin Eckhold
641,Ela Nitzsche
642,Gordon Piedesack
643,Erkki Hopf
644,Eberhard haar
645,Krystian Martinek
646,Wolfram Winfried
647,Francesco Nieheim
648,Marek Harloff
649,Birte Kretschmer
650,Angela Roy
651,Robert Steudtner
652,Morgens von Gadow
653,Stefan Brentle
654,Nicola Melissian
655,Bruno Ploeger
656,Christian Concillio
657,Henning Karge
658,Nicholas Müller
659,Sascha Eigner
660,Hedy Haase
661,Andreas Becker
662,Nico König
663,Tim Helssen
664,Undine Ullmer
665,Kassandra Ullmer
666,Robin Bosch
667,Dorothea Lott
668,Marco Spina
669,Maria Baptista
670,Pat Murphy
671,Simone Ritscher
672,Jan-Christof Kick
673,Lilian Körting
674,Harald Halgardt
675,Gela del Este
676,Alexander Stamm
677,Toru Takahashi
678,Sandra Quadflieg
679,Kornelia Lüdorff
680,Iris Rufner
681,Daniel Kirchberger
682,Aranka Mamero
683,Christine Jensen
684,"Michael Bideller
Mr. LloydLutz Mackensy"
685,Mario Ramos
686,Romanus Fuhrmann
687,Hans Kahlert
688,Karin Suender
689,Soi Anifantis
690,Wolfram Grandezka
691,Rhesi Underberg
692,Klaus Krückemeyer
693,Beate Rysopp
694,Franzisko Löwe
695,Maike Nagel
696,Leonie Lander
697,Wolfgang Dräger
698,Dorothee Sturz
699,Maureen Havlena
700,Tina Eschmann
701,Martina Treger
702,Neda Rahmanian
703,Olaf Reichmann
704,Catrin Owerfeldt
705,Martin Paas
706,Heiko Wohlgemuth
707,Mike Oslowski
708,Alexander Kruuse-Mettin
709,Tom Pidde
710,Stefan Weißenburger
711,é Minninger
712,Joachim Langer
713,Karin Linneweg
714,Tobias Diakow
715,Dorothea Hagener
716,Jonas Hartmann
717,Norma Draeger
718,Hugo Richert
719,Louis Körting
720,Henrik Bichels
721,Johannes Semm
722,Christoph Meyer
723,Elea Richert
724,Pia Werfel
725,Anton Pleva
726,Barbara Schipper
727,Dagmar Berghoff
728,Isabella Grothe
729,Joachim Kretzer
730,Maria Hartmann
731,Christian Concilio
732,Maud Ackermann
733,Timo Wenzel
734,Die Gäste Record-Release-Party am 8. Mai 2016 in Hasselburg
735,Jacob Weigert
736,Flemming Draeger
737,Lilli Körting
738,Sabrina Heuer-Diakow
739,Christiane Leuchtmann
740,Sascha Oliver Bauer
741,Manuela Dahm-Mauerhofer
742,Lucia Angela Mahler
743,Uschi Hugo
744,Theresa Berlage
745,Hans Peter Korff
746,Herma Koehn
747,Roswitha Völz
748,Günther Karl
749,Anika Pages
750,Axel Milberg
751,Frank Gustavus
752,Peter Heeckt
753,Sarah Madeleine Tusk
754,Topsy Küppers
755,Nikolas Tantsoukes
756,Timo Hempel
757,Alexander Mettin
758,Rainer Brandt
759,Patrick Mölleken
760,Mitsue Kono
761,Christine Wilhelmi
762,Frank Richartz
763,Matti Schmidt-Schaller
764,Achim Buch
765,Marion Gretchen Schmitz
766,Werner Wilkening
767,Tommi Pieper
768,Hanns Jörg Krumpholz
769,Antje Birnbaum
770,Dorothea Hagena
771,Tim Heuer
772,Jannik Schürmann
773,Andreja Schneider
774,Lucia Mahler
775,Jörgpeter von Clarenau
776,Clarissa Börner
777,Harald Weiler
778,Christopher Hoseit
779,Michael Prelle
780,Daniela Hoffmann
781,Ingo Menowski
782,Riko Tauber
783,Andreas Birnbaum
784,Frank Roder
785,Constantin Stahlberg
786,Dietrich Adam
787,Julian Greis
788,Stefan Exner
789,Johannes Korff
790,Detlef Tams
791,Mars Saibert
792,Gunna Bergmann
